time_s,ax,ay,az,gx,gy,gz
0.00,1.947001,8.726254,3.704047,-0.02111208,-0.07176467,0.0400813
0.02,2.053409,8.609628,3.572143,-0.03468119,0.01421944,0.03491981
0.04,2.096097,8.565571,3.676399,-0.05232495,0.08523139,0.02408204
0.06,2.04192,8.608715,3.915029,-0.06528486,0.1267061,0.01947513
0.08,1.945958,8.692872,4.181379,-0.07132052,0.1327852,0.0275347
0.10,1.902239,8.71315,4.381845,-0.082779,0.1118668,0.03697885
0.12,1.938396,8.637204,4.52542,-0.08984701,0.06847335,0.04347327
0.14,2.021634,8.565113,4.571616,-0.09189101,0.0308174,0.03768403
0.16,2.081328,8.50247,4.53736,-0.07466219,0.01924786,0.02603723
0.18,2.093859,8.478693,4.518497,-0.0464117,0.02138672,0.008832711
0.20,2.079938,8.506121,4.531643,-0.02887736,0.01117722,-0.003494913
0.22,2.031425,8.53512,4.534375,-0.02584095,-0.01233114,-0.01126288
0.24,2.005229,8.573948,4.474979,-0.02638547,-0.02858716,-0.01037699
0.26,1.983155,8.598414,4.375741,-0.02742002,-0.03117877,-0.009132833
0.28,1.983249,8.596707,4.286789,-0.02968891,-0.02152916,-0.006637915
0.30,1.972607,8.601366,4.261387,-0.0346002,-0.005114969,-0.002947744
0.32,1.968229,8.611294,4.266749,-0.03554172,0.01233102,0.004096987
0.34,1.956336,8.610806,4.337749,-0.03457893,0.02417757,0.009792474
0.36,1.957422,8.603319,4.409267,-0.03260607,0.02483854,0.01601653
0.38,1.984995,8.580515,4.449654,-0.02983178,0.02147908,0.01927441
0.40,2.004509,8.54765,4.434722,-0.0288148,0.02261238,0.01677997
0.42,2.022236,8.534702,4.404015,-0.0281674,0.02371961,0.01382545
0.44,2.022858,8.531023,4.401955,-0.0310412,0.02478557,0.0097182
0.46,2.009794,8.531051,4.436121,-0.02820802,0.02781658,0.008641878
0.48,2.006485,8.545079,4.442984,-0.02280553,0.03346185,0.008093422
0.50,1.990667,8.555758,4.455859,-0.0166608,0.03498487,0.01039998
0.52,1.980626,8.56217,4.467395,-0.01031468,0.04085493,0.01368792
0.54,1.973299,8.557662,4.491948,0.001756405,0.0505673,0.01591888
0.56,1.960993,8.566619,4.490767,0.01091753,0.05195848,0.02058719
0.58,1.96988,8.563742,4.463427,0.01393191,0.05728656,0.02591088
0.60,1.967638,8.560042,4.42259,0.01490658,0.06040625,0.02796985
0.62,1.990997,8.550943,4.412694,0.008710962,0.06129703,0.02753193
0.64,1.997076,8.533567,4.454642,0.004584348,0.0634877,0.02850448
0.66,2.002091,8.527322,4.480877,0.008532519,0.06211071,0.02590928
0.68,2.005607,8.525636,4.48206,0.01140499,0.06122263,0.02405989
0.70,2.016265,8.506255,4.477075,0.01159937,0.05658935,0.0195271
0.72,2.016295,8.50731,4.478859,0.009804204,0.0539911,0.01309148
0.74,2.000387,8.516654,4.561871,0.01577139,0.0445342,0.01123037
0.76,1.978086,8.5191,4.604586,0.02574301,0.03283903,0.01006835
0.78,1.985973,8.536253,4.588635,0.03782909,0.02636043,0.01015632
0.80,1.96461,8.566774,4.504444,0.05898024,0.03683251,0.01199448
0.82,2.010252,8.513131,4.565744,0.07593734,0.03560577,0.008108672
0.84,2.060616,8.466236,4.644356,0.09234972,0.01851912,-0.004614026
0.86,2.041772,8.498639,4.580442,0.08775077,-0.01087711,-0.01464919
0.88,2.006042,8.550333,4.387707,0.06816258,-0.03301746,-0.01871833
0.90,1.964989,8.612983,4.142849,0.04560457,-0.01805568,-0.01623518
0.92,1.95398,8.619888,4.093291,0.01376636,-0.01092498,-0.01062958
0.94,1.959486,8.62064,4.089016,-0.008928378,0.01151317,-0.007536415
0.96,1.926391,8.646712,4.142409,-0.02778265,0.03053059,-0.001221376
0.98,1.911228,8.643013,4.261579,-0.04989627,0.02780016,0.008898504
1.00,1.946529,8.604984,4.360355,-0.07158104,0.01203428,0.01095706
1.02,1.991389,8.546096,4.371954,-0.09684862,-0.01012,0.007996674
1.04,2.009908,8.544266,4.319415,-0.1166337,-0.014986,0.003624997
1.06,1.982617,8.543808,4.285648,-0.1266266,0.001105206,0.0009264417
1.08,1.946352,8.555087,4.400813,-0.1227645,0.01320617,0.002217019
1.10,1.915702,8.566926,4.578846,-0.1104076,0.01162908,0.009826059
1.12,1.919848,8.567141,4.674421,-0.09266131,0.003142164,0.01732845
1.14,1.938325,8.533016,4.678338,-0.08531927,-0.01594263,0.02244868
1.16,1.95595,8.528817,4.572192,-0.09162971,-0.02605627,0.02741714
1.18,1.939686,8.556465,4.36045,-0.09556269,-0.004543588,0.03459479
1.20,1.901628,8.581511,4.273621,-0.08712383,0.04797842,0.04976314
1.22,1.894465,8.585333,4.45174,-0.06226649,0.08902095,0.06614252
1.24,1.92765,8.538008,4.716431,-0.03670402,0.09780331,0.0807763
1.26,1.974605,8.474556,4.844663,-0.01838501,0.08035966,0.08234424
1.28,2.011783,8.433664,4.824086,-0.01258419,0.05002169,0.08136373
1.30,1.968324,8.488624,4.682265,0.008251854,0.05909719,0.09100036
1.32,1.930813,8.558136,4.522351,0.05390128,0.1173539,0.1057115
1.34,1.971336,8.515432,4.508173,0.09466581,0.1723056,0.1181994
1.36,2.060386,8.42723,4.581903,0.1075359,0.1888685,0.117566
1.38,2.13202,8.37752,4.58987,0.09923027,0.1822409,0.1037654
1.40,2.146942,8.349869,4.647618,0.07953074,0.1534591,0.08535627
1.42,2.132316,8.359477,4.687927,0.05166542,0.1156148,0.06921711
1.44,2.148663,8.356918,4.661437,0.03194376,0.07893079,0.05339731
1.46,2.198562,8.296995,4.643529,0.01161921,0.04730335,0.02655592
1.48,2.226427,8.27573,4.664348,-0.006329996,0.01897655,-0.002518861
1.50,2.172067,8.328424,4.694173,-0.00568783,0.0005969778,-0.02280112
1.52,2.077791,8.423018,4.681777,0.005336867,-0.006750356,-0.03056631
1.54,2.018389,8.477567,4.66654,0.009634967,-0.01966875,-0.02880825
1.56,1.998883,8.501452,4.632782,0.001827354,-0.03964546,-0.02386853
1.58,1.995442,8.506834,4.56981,-0.008112933,-0.0460312,-0.01983682
1.60,2.001314,8.515466,4.483749,-0.009317172,-0.03754636,-0.01405778
1.62,1.979209,8.531507,4.431783,-0.009821102,-0.01849154,-0.003896926
1.64,1.943153,8.561549,4.426285,-0.01167023,-0.0005527439,0.007195191
1.66,1.944608,8.569766,4.454812,-0.01544428,0.01351719,0.02435087
1.68,1.964036,8.550231,4.503254,-0.01944361,0.02199092,0.03679712
1.70,1.993186,8.532083,4.526159,-0.01624007,0.0293434,0.04663107
1.72,2.019189,8.496368,4.519502,-0.01111196,0.04466429,0.05140361
1.74,2.059429,8.456035,4.557471,-0.004886876,0.05523593,0.05256251
1.76,2.107572,8.408731,4.595238,0.0008172616,0.06088507,0.04639281
1.78,2.151656,8.359799,4.639914,0.002016786,0.05386076,0.03278229
1.80,2.176805,8.338908,4.672163,-0.0004127392,0.03802964,0.01463219
1.82,2.139377,8.354762,4.701966,0.003172271,0.02438905,0.002833082
1.84,2.100747,8.400739,4.719213,0.004366959,0.00548478,-0.00800457
1.86,2.060534,8.448877,4.727827,0.002711597,-0.01436743,-0.008478902
1.88,2.03799,8.472483,4.678667,0.002513118,-0.0300685,-0.006577479
1.90,2.026887,8.481148,4.575166,0.002455657,-0.02592402,-0.00102573
1.92,2.020906,8.493134,4.475836,-0.001627139,-0.01420089,0.006246195
1.94,2.032291,8.489715,4.414943,-0.0006719212,0.01349684,0.01248098
1.96,2.037639,8.483388,4.427655,-0.002026974,0.03304452,0.01620541
1.98,2.071072,8.445852,4.511913,-0.008680847,0.04044551,0.01493225
2.00,2.106095,8.402992,4.615575,-0.01624654,0.0312655,0.005761784
2.02,2.113956,8.389245,4.667881,-0.01309104,0.02023197,-0.002084741
2.04,2.104444,8.393634,4.717556,-0.006414041,0.01220097,-0.01078924
2.06,2.083451,8.411876,4.725106,-0.003144823,-0.003696255,-0.01669863
2.08,2.047419,8.447015,4.680779,0.00437943,-0.01004747,-0.01437904
2.10,2.032898,8.471217,4.618858,0.003079554,-0.01568032,-0.01029841
2.12,2.023907,8.491828,4.573747,0.003235171,-0.01190926,-0.006004415
2.14,2.031089,8.462036,4.517188,-0.0003950255,-0.004950451,-0.004070612
2.16,2.054037,8.454704,4.504764,-0.005809321,0.007242232,-0.002121415
2.18,2.04711,8.454719,4.544164,-0.008718196,0.01408546,-0.0002570646
2.20,2.02054,8.47665,4.578413,-0.009643093,0.01483732,0.003242408
2.22,2.012956,8.484838,4.612925,-0.008919951,0.01886947,0.009471382
2.24,2.021733,8.480016,4.613082,-0.01192898,0.01285134,0.012026
2.26,2.052226,8.443959,4.599438,-0.01548231,0.01060824,0.0122787
2.28,2.073745,8.423725,4.58522,-0.01374072,0.01482355,0.009838852
2.30,2.060667,8.420968,4.600533,-0.01053689,0.01909238,0.005556781
2.32,2.057369,8.432582,4.633329,-0.006852954,0.01988635,0.005997673
2.34,2.039272,8.44423,4.697481,-0.001161374,0.01369828,0.004353336
2.36,2.046927,8.438837,4.706501,-0.001792111,0.0005032406,0.005700468
2.38,2.067949,8.421999,4.668454,-0.005362356,-0.01175081,0.002336023
2.40,2.076308,8.406373,4.589503,-0.01002318,-0.01113272,-0.002992606
2.42,2.069219,8.424101,4.552971,-0.01040958,0.00110299,-0.003104241
2.44,2.029368,8.455133,4.565339,-0.01312885,0.00700695,-0.002345097
2.46,2.007806,8.487183,4.591259,-0.01757658,0.007000769,0.004969005
2.48,2.006214,8.47101,4.576296,-0.02336104,0.009463761,0.01307807
2.50,2.043567,8.446007,4.566094,-0.02825474,0.01548618,0.01458828
2.52,2.055209,8.429152,4.567962,-0.02877449,0.02457755,0.01498171
2.54,2.067006,8.416708,4.585123,-0.02963906,0.0329533,0.01468659
2.56,2.050479,8.425371,4.626291,-0.02944911,0.03814265,0.01284106
2.58,2.061372,8.412424,4.674718,-0.02646464,0.03388868,0.01271684
2.60,2.06719,8.403696,4.709799,-0.02570224,0.0328025,0.01223354
2.62,2.075078,8.375761,4.739822,-0.02549792,0.02169222,0.007250649
2.64,2.085837,8.37345,4.741348,-0.01993664,0.01299209,-0.0005864823
2.66,2.083203,8.367801,4.751043,-0.01245886,0.008543768,-0.003819503
2.68,2.068327,8.383892,4.775843,-0.006352567,-0.001271282,-0.007810025
2.70,2.038926,8.413861,4.765888,-0.003385795,-0.01106391,-0.007803087
2.72,2.036447,8.422674,4.704548,-0.002674795,-0.01660509,-0.006866823
2.74,2.033463,8.418269,4.635674,-0.004441968,-0.01066459,-0.004229499
2.76,2.043424,8.415659,4.607044,-0.006878197,2.422269e-05,-0.004210239
2.78,2.023017,8.421813,4.600766,-0.007182654,0.007673976,-0.001424526
2.80,2.021717,8.43755,4.644868,-0.01121123,0.01086746,0.004099339
2.82,2.027468,8.418832,4.677134,-0.01005448,0.01339838,0.003685688
2.84,2.030678,8.40682,4.70761,-0.008106838,0.01400588,0.006674135
2.86,2.04849,8.403893,4.725308,-0.003711337,0.0125727,0.006473321
2.88,2.046818,8.400946,4.730071,0.004086251,0.01521657,0.005294962
2.90,2.044104,8.402308,4.736229,0.01188823,0.01366859,0.003780971
2.92,2.03731,8.40769,4.768055,0.01831458,0.007811305,0.005627858
2.94,2.020584,8.421694,4.747463,0.02061715,0.001188662,0.009063821
2.96,2.046873,8.39753,4.695532,0.01513509,-0.006746041,0.007345706
2.98,2.081279,8.363345,4.625846,0.007992156,-0.00377284,0.001463766
3.00,2.08314,8.373979,4.594427,0.003042833,0.001343796,-0.004435386
3.02,2.05953,8.387567,4.598306,-0.007957364,0.00586559,-0.007368051
3.04,2.042172,8.4176,4.630401,-0.0192745,0.002335064,-0.006304337
3.06,2.008418,8.43504,4.62826,-0.02933438,0.00165838,9.237288e-05
3.08,2.021175,8.432877,4.618099,-0.03505005,0.006463243,0.002489796
3.10,2.035944,8.407643,4.617764,-0.03849743,0.0169929,0.004263977
3.12,2.049766,8.395363,4.653299,-0.036796,0.02328655,0.002688409
3.14,2.035986,8.396528,4.726559,-0.0269096,0.03019452,0.003674384
3.16,1.999601,8.427441,4.801885,-0.009788383,0.03274476,0.009859643
3.18,1.946337,8.470337,4.86024,0.01083088,0.02875731,0.02038394
3.20,1.954979,8.473126,4.851334,0.02126525,0.02204025,0.03557518
3.22,2.014495,8.41295,4.783346,0.0405307,0.02759524,0.03918216
3.24,2.100868,8.325199,4.75012,0.06571859,0.04521877,0.03019691
3.26,2.148747,8.275385,4.849672,0.08757013,0.04150461,0.01440035
3.28,2.137113,8.287086,4.926033,0.08709222,0.007624041,-0.00320323
3.30,2.103417,8.338778,4.874543,0.06640004,-0.04311781,-0.01296522
3.32,2.090801,8.367441,4.695551,0.04159669,-0.0718385,-0.02197284
3.34,2.108845,8.363479,4.473566,0.02853962,-0.05801992,-0.03216279
3.36,2.105567,8.374544,4.398823,0.02263679,-0.02784484,-0.03884498
3.38,2.035573,8.436889,4.49535,0.01073375,-0.01764393,-0.03847466
3.40,1.949122,8.530403,4.606796,-0.01011886,-0.02996489,-0.02521777
3.42,1.915123,8.563537,4.578277,-0.02730882,-0.03610798,-0.004338515
3.44,1.977989,8.502992,4.477551,-0.03831634,-0.02578028,0.005252121
3.46,2.057298,8.422347,4.437734,-0.0469545,-0.00154629,0.003711371
3.48,2.090044,8.377075,4.473276,-0.05039869,0.02176203,-0.0002698301
3.50,2.07143,8.387476,4.582911,-0.05295207,0.03000367,-0.007800005
3.52,2.027957,8.415536,4.713884,-0.05337207,0.02349381,-0.005730023
3.54,2.000241,8.435539,4.802522,-0.04923418,0.009549114,-0.000853801
3.56,2.009576,8.424307,4.829515,-0.04669037,-0.005577095,0.001069121
3.58,2.026358,8.402512,4.769856,-0.04976086,-0.02158265,7.981061e-06
3.60,2.034613,8.394839,4.665227,-0.05241257,-0.02194095,0.0003958074
3.62,2.035826,8.393741,4.609238,-0.04600228,-0.002134932,0.001505623
3.64,2.041545,8.38553,4.665455,-0.04107286,0.01153767,0.0007885834
3.66,2.020219,8.395788,4.757942,-0.03726462,0.01144059,0.003814977
3.68,1.998635,8.41124,4.797945,-0.03849216,0.00344641,0.01078477
3.70,2.025109,8.389225,4.753954,-0.0333222,0.004763351,0.0117096
3.72,2.078337,8.335424,4.731943,-0.02876199,0.01058816,0.00748733
3.74,2.095793,8.309628,4.751309,-0.02107468,0.01587228,-0.0003643428
3.76,2.082044,8.322466,4.805129,-0.01744689,0.00820061,-0.006716149
3.78,2.043095,8.353426,4.83342,-0.01690478,-0.002209849,-0.008772327
3.80,2.025135,8.37942,4.82765,-0.01751486,-0.009078631,-0.007158684
3.82,2.015974,8.378826,4.795605,-0.01278039,-0.009687559,-0.004256849
3.84,2.009531,8.381341,4.760082,-0.009646364,-0.004679414,0.001521047
3.86,2.021668,8.373332,4.732188,-0.004762779,0.00247505,0.003223587
3.88,2.019139,8.383688,4.74663,-0.002276886,0.008185987,0.007325112
3.90,2.011036,8.386564,4.760109,-0.001519951,0.009939059,0.01020481
3.92,2.02412,8.370113,4.762914,-0.001918715,0.01027621,0.01311336
3.94,2.048373,8.342043,4.759821,0.001962603,0.01563134,0.009725463
3.96,2.062977,8.338472,4.774662,0.001373265,0.01586359,0.007638869
3.98,2.044824,8.34889,4.787769,0.003471364,0.01470406,0.007989549
4.00,2.033388,8.35302,4.81119,0.003629507,0.01022872,0.008341296
4.02,2.037108,8.356267,4.800862,0.004717871,0.005790968,0.008117659
4.04,2.044819,8.357324,4.78592,0.00571243,0.005325389,0.006116945
4.06,2.050138,8.348536,4.766824,0.004360286,0.004453802,0.005546023
4.08,2.054383,8.346332,4.760348,0.004292453,0.002867905,0.002058072
4.10,2.053433,8.342398,4.745432,0.0008747808,0.004403063,0.001875132
4.12,2.05677,8.34551,4.761114,0.0004289451,0.004972089,-0.0006024937
4.14,2.065367,8.335625,4.780441,0.002079178,0.003842471,-0.003418477
4.16,2.064818,8.325461,4.794355,0.001746386,-0.0006450531,-0.008338912
4.18,2.053261,8.334253,4.821069,0.006812405,-0.004083134,-0.01046851
4.20,2.039536,8.361441,4.821198,0.01175054,-0.009499502,-0.01046564
4.22,2.030749,8.372242,4.796017,0.01159172,-0.01426384,-0.008035104
4.24,2.030378,8.37361,4.743399,0.01260023,-0.008641993,-0.00919259
4.26,2.025274,8.368947,4.738719,0.01797455,-0.002029843,-0.006892892
4.28,2.041479,8.34902,4.780636,0.02001076,-0.00186249,-0.008419832
4.30,2.042366,8.348567,4.785027,0.01718442,-0.006293308,-0.007722333
4.32,2.045127,8.358573,4.770607,0.01983235,-0.008731113,-0.01178052
4.34,2.032905,8.365122,4.741952,0.01844388,-0.007144662,-0.01089064
4.36,2.016499,8.387477,4.706707,0.01772973,-0.005551689,-0.006277491
4.38,2.002027,8.417363,4.678701,0.01503161,-0.000256053,-0.004006539
4.40,1.986251,8.428373,4.662361,0.01129998,0.005528156,0.005883238
4.42,1.987045,8.427771,4.644547,0.007269662,0.01250684,0.01228511
4.44,1.995744,8.413363,4.667101,0.003684388,0.02247225,0.01846209
4.46,2.027794,8.385639,4.704919,-0.001335583,0.02219664,0.01784848
4.48,2.064573,8.360301,4.741777,-0.001200993,0.02350146,0.01577102
4.50,2.084544,8.328634,4.765747,-0.0007180953,0.01852884,0.007102597
4.52,2.070938,8.323974,4.814859,0.0001651129,0.0052063,0.002121783
4.54,2.063608,8.339297,4.816833,-0.004009809,-0.007037082,-0.004312559
4.56,2.054194,8.354362,4.776121,-0.003140918,-0.009760344,-0.008324422
4.58,2.041685,8.375643,4.713781,-0.003428286,-0.01033656,-0.006758437
4.60,2.027275,8.376396,4.686563,-0.003520251,-0.005482979,-0.00581531
4.62,2.014489,8.386342,4.678002,-0.006952266,0.001350238,-0.004893213
4.64,2.027861,8.383467,4.705758,-0.008426838,0.005264118,-0.002636435
4.66,2.0121,8.394943,4.712878,-0.007163689,0.007503213,0.0006511746
4.68,1.979374,8.412344,4.725005,-0.003889698,0.01631382,0.009561536
4.70,1.978027,8.427443,4.74327,0.000212312,0.02332427,0.01563796
4.72,2.020176,8.387553,4.770964,0.007945271,0.02402184,0.01962215
4.74,2.072416,8.329674,4.779058,0.006969706,0.01848672,0.01164559
4.76,2.080313,8.31171,4.779532,0.00426026,0.01202695,0.003283822
4.78,2.073343,8.329366,4.775564,0.001819066,0.003604308,-0.003508706
4.80,2.042635,8.340822,4.736557,-0.002406406,0.0008862367,-0.007241768
4.82,2.029914,8.383478,4.733307,-0.005812984,0.0009054844,-0.007435938
4.84,2.02089,8.371005,4.706656,-0.007422087,0.004109964,-0.006094292
4.86,2.015565,8.374916,4.73063,-0.009760294,0.009134999,-0.004229636
4.88,2.00119,8.385411,4.729414,-0.005755146,0.01222495,-0.0004184097
4.90,2.012748,8.382634,4.769675,-0.004953189,0.00993666,0.00142416
4.92,2.033007,8.356627,4.794791,-0.007752409,0.006223279,-0.0005696311
4.94,2.050366,8.353749,4.785045,-0.01115622,-0.002672143,-0.001872506
4.96,2.042725,8.334979,4.761683,-0.01197105,-0.005256022,-0.007415902
4.98,2.042136,8.342247,4.777783,-0.0147903,-0.007620586,-0.01011679
5.00,2.019695,8.364558,4.766369,-0.01573217,-0.008189329,-0.01139677
5.02,2.008861,8.374006,4.747813,-0.01256657,-0.005502556,-0.009086788
5.04,2.003512,8.379236,4.717005,-0.01302595,0.001561521,-0.006409905
5.06,2.007767,8.386839,4.713836,-0.01461381,0.006571312,-0.002025199
5.08,2.006015,8.377989,4.728203,-0.02069505,0.008522592,-0.0008284473
5.10,1.999894,8.376484,4.737942,-0.02573623,0.009284204,0.0009153907
5.12,2.008083,8.367431,4.745416,-0.0289093,0.01188331,0.00259111
5.14,2.015365,8.347203,4.759157,-0.03295845,0.01402682,0.002500457
5.16,2.029342,8.337069,4.761277,-0.03474997,0.01255839,0.0001680942
5.18,2.032772,8.325725,4.766293,-0.03837413,0.01594738,-0.001099895
5.20,2.016746,8.334172,4.800037,-0.04002556,0.01519832,-0.004798592
5.22,2.008683,8.337996,4.831468,-0.0442889,0.009072406,-0.004328611
5.24,2.009188,8.33493,4.831913,-0.04439215,0.00469736,-0.005964519
5.26,2.014768,8.323312,4.824787,-0.04359384,0.004226179,-0.006129077
5.28,2.008217,8.320782,4.804502,-0.04267631,0.008781755,-0.006945778
5.30,1.990454,8.329739,4.801541,-0.04913375,0.0119468,-0.006992282
5.32,1.982224,8.337983,4.825338,-0.0525175,0.01293819,-0.00236752
5.34,1.97499,8.339081,4.842655,-0.05483526,0.01267346,0.001452447
5.36,1.984387,8.318605,4.878637,-0.05897469,0.007657656,0.004200149
5.38,1.994985,8.301671,4.883026,-0.05990305,0.005287117,0.002983616
5.40,2.012319,8.291148,4.882379,-0.0616157,0.00346194,0.001556763
5.42,2.014198,8.274326,4.886811,-0.06299704,0.005410023,-0.0007879297
5.44,2.01005,8.270619,4.909807,-0.06102296,0.006992214,-0.0035458
5.46,1.995744,8.277529,4.904828,-0.06633586,0.003783102,-0.003592181
5.48,1.969082,8.29778,4.88798,-0.07711246,-0.0009199209,0.000961204
5.50,1.955465,8.310174,4.843611,-0.09686974,-0.003964257,0.005886117
5.52,1.970176,8.282212,4.79295,-0.1201826,-0.002815984,0.009542976
5.54,1.983928,8.26476,4.779982,-0.1384384,0.009438486,0.01174279
5.56,1.985071,8.235571,4.830487,-0.14995,0.02517289,0.01353414
5.58,1.992686,8.225594,4.895753,-0.1585236,0.03628698,0.01660929
5.60,1.98259,8.214978,4.949389,-0.1739492,0.0376181,0.0198103
5.62,1.963239,8.202948,4.965078,-0.1991578,0.03064066,0.02419242
5.64,1.958724,8.186948,4.986976,-0.229201,0.02261734,0.03151578
5.66,1.989599,8.135633,4.963212,-0.2623589,0.02289501,0.03134813
5.68,2.019113,8.079341,4.929393,-0.2922344,0.03059704,0.03007477
5.70,2.029321,8.034079,4.999111,-0.3229665,0.04074842,0.02690081
5.72,2.025386,8.000289,5.101418,-0.3559397,0.04038267,0.02355328
5.74,2.002957,7.982273,5.218613,-0.387694,0.03232611,0.02241541
5.76,1.952857,7.853665,5.235281,-0.4208862,0.04961396,0.03184237
5.78,2.070042,8.035499,5.359516,-0.4385195,0.03733572,0.02628691
5.80,1.98106,7.820423,5.486907,-0.4619415,0.03037882,0.02642798
5.82,2.010222,7.829903,5.540237,-0.4789639,0.02142013,0.03025153
5.84,2.005762,7.782118,5.590904,-0.5112108,0.01556686,0.03090777
5.86,1.990223,7.704782,5.692086,-0.5568191,-0.01999499,0.03432278
5.88,1.922703,7.686101,5.732643,-0.6029042,-0.05011201,0.04758411
5.90,1.922822,7.649321,5.773592,-0.636586,-0.05285529,0.06513306
5.92,1.97474,7.50602,5.815251,-0.647989,-0.02416093,0.08132948
5.94,2.035479,7.375978,5.799941,-0.661967,0.02530988,0.08651362
5.96,2.035418,7.301179,5.932118,-0.6983849,0.03949382,0.09527811
5.98,1.947752,7.285547,6.309698,-0.7464395,-0.007755091,0.1180716
6.00,1.862527,7.32843,6.585682,-0.7788662,-0.05413438,0.1617939
6.02,1.80218,7.302495,6.571845,-0.7940204,-0.07929159,0.2153517
6.04,1.850773,7.076957,6.337104,-0.8070687,-0.02963979,0.2627392
6.06,2.033256,6.815384,6.202806,-0.7980385,0.06043503,0.2938413
6.08,2.187648,6.643331,6.191479,-0.7969971,0.1702561,0.3072915
6.10,2.195939,6.560595,6.161373,-0.7822672,0.3070302,0.3273065
6.12,2.036861,6.811954,6.193939,-0.7644519,0.4741372,0.4004055
6.14,1.809373,6.776354,6.915739,-0.7953016,0.5355648,0.5154951
6.16,1.776059,6.267504,7.675081,-0.8545991,0.455925,0.6253861
6.18,2.030696,5.847228,7.773433,-0.8833936,0.4019908,0.7399287
6.20,2.238851,5.460589,7.885811,-0.8662117,0.3853261,0.7986053
6.22,2.657557,5.361144,7.976408,-0.8447312,0.3774302,0.831022
6.24,2.939136,5.361901,8.084735,-0.8434311,0.330577,0.8483883
6.26,2.936685,5.14795,8.380816,-0.7971963,0.1930098,0.7664332
6.28,3.069651,5.040775,8.804554,-0.7536253,-0.02075151,0.613103
6.30,3.058528,5.23966,8.704618,-0.7119409,-0.1790796,0.4875676
6.32,3.177797,5.631185,8.330962,-0.6578389,-0.2413244,0.5216845
6.34,3.252639,5.724379,8.134214,-0.61832,-0.2833641,0.6819966
6.36,3.025912,5.324871,7.605925,-0.6162384,-0.2541085,0.8055447
6.38,3.13205,4.713715,7.587183,-0.5157511,-0.2448399,0.8906609
6.40,3.507091,4.304541,7.686064,-0.4822361,-0.06578875,0.9734157
6.42,3.808568,4.345324,7.621341,-0.5336123,0.2297667,1.044917
6.44,3.854819,4.253476,7.985347,-0.6012236,0.4538373,1.078613
6.46,3.524172,3.902023,8.199211,-0.665005,0.6190376,1.035097
6.48,3.148028,3.298223,8.104615,-0.7136664,0.7414723,0.909458
6.50,2.91068,2.607368,8.153188,-0.717146,0.7594681,0.7554712
6.52,2.624998,2.049221,7.832709,-0.7274625,0.8372701,0.6448579
6.54,2.2092,1.645826,7.576283,-0.6579359,0.8740243,0.577652
6.56,1.820778,1.466736,8.257885,-0.4025705,0.6963823,0.5581162
6.58,1.668196,1.83963,9.071714,-0.01241462,0.2992599,0.6218837
6.60,1.839971,1.994995,9.463487,0.1351256,0.08249076,0.7449647
6.62,2.409703,2.836126,10.32206,-0.111081,0.2035827,0.8784138
6.64,2.293302,3.452251,10.34135,-0.1862485,0.4240314,0.7692429
6.66,2.642325,3.58263,10.35189,-0.2494147,0.4931438,0.5647463
6.68,2.734181,2.964511,9.897007,-0.2610798,0.4448383,0.4329195
6.70,2.482558,2.293703,9.260367,-0.1485773,0.4113717,0.4277402
6.72,2.12505,1.969867,9.047302,0.001191626,0.3928874,0.4998465
6.74,1.913409,1.972639,8.894163,0.1448266,0.4219104,0.5399132
6.76,1.897483,2.067178,8.766329,0.2600069,0.5221125,0.5155638
6.78,1.98979,2.411801,8.97107,0.2398797,0.6418991,0.4704548
6.80,1.948995,2.832374,9.296925,-0.06165198,0.9502265,0.4537038
6.82,1.581725,3.076855,9.397084,-0.106236,1.323472,0.480953
6.84,1.236122,2.894584,9.891213,0.004938537,1.296949,0.5073859
6.86,1.150833,2.560115,10.06403,0.06865858,1.061326,0.4733123
6.88,1.212622,2.530493,10.50032,0.09638023,0.6629709,0.4260966
6.90,1.102594,2.423507,10.66322,0.0531669,0.3429182,0.3070005
6.92,1.45303,2.494175,10.78721,0.07837488,-0.003100789,0.1580477
6.94,2.127116,2.304605,10.6778,0.09460928,-0.2921482,0.0981467
6.96,2.179363,2.206939,10.26381,0.123531,-0.4453289,0.1001696
6.98,1.938449,2.16603,9.750252,0.1180251,-0.4623954,0.0806427
7.00,1.99656,2.227447,9.38197,0.05466476,-0.4070316,0.0521103
7.02,2.061931,2.46649,9.242139,-0.06459668,-0.3626297,0.02231129
7.04,1.96558,2.381575,9.193604,-0.1377622,-0.314177,-0.01555723
7.06,1.903176,2.029393,9.178185,-0.1444528,-0.1842573,-0.04713319
7.08,1.731055,1.968588,9.0112,-0.1528974,0.01091421,-0.04719029
7.10,1.44943,2.204496,8.723305,-0.1811558,0.1837559,-0.01859299
7.12,1.028005,2.234642,8.501782,-0.1639783,0.2877477,0.0009182287
7.14,0.6358382,1.75042,8.397179,-0.03696087,0.3214721,-0.02588436
7.16,0.5320689,1.380901,8.461244,0.1792776,0.3123333,-0.08006049
7.18,0.8035566,1.800143,9.06513,0.3431015,0.2839665,-0.08890655
7.20,1.12097,2.658647,9.445727,0.371494,0.3011789,-0.05216608
7.22,1.432193,3.233753,9.714249,0.292332,0.3336065,-0.02862647
7.24,1.702616,3.314838,9.867102,0.1958518,0.3111164,-0.06257986
7.26,1.951353,3.241757,10.27586,0.1362303,0.158976,-0.1085329
7.28,1.975991,3.356275,10.30082,0.07610105,-0.05854597,-0.09628086
7.30,1.86022,3.368399,9.889296,0.003244339,-0.2528106,-0.03463231
7.32,1.910281,2.958491,9.519473,-0.04962966,-0.3698052,0.02175762
7.34,2.033303,2.442885,9.155797,-0.09654099,-0.4068757,0.02845727
7.36,2.153174,1.88036,8.828438,-0.1169428,-0.3630589,-0.00353715
7.38,2.455211,2.796271,8.703305,-0.09517907,-0.2556849,0.04691304
7.40,2.301795,2.794774,8.839401,-0.1528292,-0.1341835,0.1008619
7.42,2.275547,2.860364,8.573708,-0.2365605,-0.006480939,0.1691716
7.44,2.201476,2.648195,8.502235,-0.3000802,0.1544474,0.239568
7.46,2.028221,2.260434,8.589418,-0.3345346,0.3330504,0.2796479
7.48,1.763837,2.024742,8.715654,-0.3745319,0.4915621,0.2624333
7.50,1.552102,2.01643,8.854221,-0.4214795,0.542398,0.202946
7.52,1.344315,2.221219,9.129523,-0.4192864,0.5352139,0.1660581
7.54,1.237018,2.189182,9.390135,-0.3603818,0.5378414,0.1626486
7.56,1.075894,2.187584,9.732978,-0.2903584,0.5168101,0.1958713
7.58,0.7698082,2.413442,9.875047,-0.2640808,0.4539591,0.2612956
7.60,0.4932367,2.483712,9.76332,-0.2939661,0.3689963,0.3148558
7.62,0.4363135,2.360561,9.702258,-0.3302661,0.2806489,0.3394296
7.64,0.5436714,2.206269,9.945452,-0.3247252,0.2021858,0.3417604
7.66,0.4612623,2.027375,9.999882,-0.2975553,0.147448,0.3027712
7.68,0.4137998,1.918551,9.867023,-0.286809,0.1288106,0.2519335
7.70,0.4031671,1.808608,9.650086,-0.2698921,0.1520969,0.2119237
7.72,0.457319,1.718594,9.631155,-0.2439054,0.1868761,0.1937613
7.74,0.5179292,1.721478,9.646688,-0.196619,0.2282041,0.1895976
7.76,0.5352418,1.712028,9.680353,-0.1457649,0.2763665,0.2009722
7.78,0.5425444,1.606114,9.636333,-0.1151835,0.3344559,0.2180706
7.80,0.5453369,1.540043,9.53011,-0.1131026,0.3957349,0.2396529
7.82,0.4797247,1.391221,9.399824,-0.1223851,0.4629936,0.2540785
7.84,0.4273621,1.211192,9.561811,-0.1232571,0.5210771,0.2557802
7.86,0.334618,1.058243,9.755187,-0.1193203,0.5547691,0.2431644
7.88,0.2384959,1.04791,9.952315,-0.1048736,0.5454646,0.2355822
7.90,0.1238085,1.155073,10.01362,-0.08099131,0.4943213,0.230209
7.92,0.004204633,1.169229,10.14898,-0.05385857,0.3937736,0.2323895
7.94,-0.08820803,1.102145,10.20753,-0.03943995,0.2657636,0.236713
7.96,-0.1846195,0.9218068,10.14079,-0.01658677,0.1562672,0.2452593
7.98,-0.3667653,0.8681099,10.31645,0.03519199,0.05088345,0.249172
8.00,-0.4482278,1.054787,10.42275,0.0913787,-0.08340748,0.2451161
8.02,-0.3324158,1.317759,10.50313,0.1238103,-0.2667551,0.2399919
8.04,-0.2497245,1.394602,10.25683,0.126872,-0.438445,0.2213537
8.06,-0.2290213,1.248225,10.11115,0.126533,-0.5521522,0.203127
8.08,-0.2309458,1.018417,9.848442,0.1161176,-0.593021,0.178605
8.10,-0.07753134,0.87621,9.547915,0.0893936,-0.5887802,0.1522941
8.12,0.1397493,0.8551521,9.265511,0.06164011,-0.5439957,0.1167174
8.14,0.3404385,0.887881,9.060654,0.07333115,-0.4384509,0.07542606
8.16,0.3519619,0.8243405,8.64172,0.1375705,-0.2458043,0.01472547
8.18,0.2302392,0.6509399,8.154125,0.2425016,0.04472099,-0.08243345
8.20,0.2060004,0.7058347,8.15875,0.3485413,0.3212926,-0.1963548
8.22,0.3049609,1.186906,8.775171,0.4001606,0.4716513,-0.2654158
8.24,0.359705,1.700216,9.508217,0.364963,0.4877303,-0.2680757
8.26,0.4317917,2.169266,9.988579,0.2834541,0.430252,-0.2181616
8.28,0.6836002,2.387662,10.17883,0.1802952,0.3406886,-0.1536498
8.30,0.8930835,2.214216,10.2617,0.08321093,0.2549191,-0.1172107
8.32,1.04973,1.930426,10.2492,0.02761137,0.2101825,-0.1283668
8.34,1.107069,1.729181,10.04676,-0.004138509,0.2220239,-0.1592035
8.36,1.024798,1.761842,9.857615,-0.03013425,0.2344139,-0.1670131
8.38,0.7781764,1.95306,9.706445,-0.04373926,0.206738,-0.1373721
8.40,0.5717228,1.872211,9.651477,-0.009539127,0.1582735,-0.09205119
8.42,0.4077037,1.719984,9.7203,0.04872007,0.1037531,-0.048119
8.44,0.1863361,1.790269,9.769813,0.09270897,0.0417122,-0.02225023
8.46,0.08656067,1.964584,9.848453,0.1083465,-0.05368455,-0.01252111
8.48,0.0814822,2.067773,9.845408,0.113286,-0.1507754,-0.01000291
8.50,0.146961,2.018608,9.802,0.1334661,-0.2047675,-0.007308374
8.52,0.196277,1.913191,9.870898,0.1487027,-0.2218891,-0.01376564
8.54,0.2252071,1.921453,9.910031,0.1241078,-0.246924,-0.03350478
8.56,0.2624946,1.99166,9.841868,0.07821845,-0.2712591,-0.04841118
8.58,0.2979247,1.987245,9.746467,0.04453973,-0.2621846,-0.05490125
8.60,0.3485113,1.964844,9.740685,0.0257466,-0.2296484,-0.05010633
8.62,0.3166571,2.049181,9.712665,0.000644467,-0.2142957,-0.03388942
8.64,0.2899855,2.165592,9.5701,-0.03693641,-0.2039271,-0.002243693
8.66,0.3220933,2.145393,9.386317,-0.0667305,-0.1763181,0.03131086
8.68,0.3071797,2.066265,9.264318,-0.0884155,-0.12319,0.05039599
8.70,0.2803006,1.989474,9.122499,-0.1250257,-0.04572436,0.03736836
8.72,0.3201062,1.979767,9.010636,-0.1612662,0.03526451,-0.000767727
8.74,0.3367213,2.029329,8.991908,-0.1733822,0.1119891,-0.03268346
8.76,0.3143947,2.097557,9.06713,-0.1578112,0.1714931,-0.04422773
8.78,0.2941666,2.133993,9.100687,-0.134701,0.2063135,-0.03852766
8.80,0.2803961,2.08365,9.134142,-0.107888,0.2283026,-0.02561217
8.82,0.3009451,1.9756,9.188864,-0.07307175,0.2482291,-0.01981544
8.84,0.3665779,1.963081,9.335614,-0.02898929,0.2513995,-0.009852485
8.86,0.3358377,2.002059,9.474902,-0.004259482,0.2230931,0.003866256
8.88,0.2386921,1.950334,9.565,-0.004421494,0.2010653,0.02297994
8.90,0.1864444,1.896036,9.549926,-0.002861633,0.2138916,0.03389566
8.92,0.1766615,1.795896,9.537912,0.01594308,0.2372741,0.03667796
8.94,0.09806611,1.665709,9.613538,0.01865318,0.2433032,0.03910308
8.96,-0.04655387,1.665008,9.75403,0.002169695,0.2428427,0.04711859
8.98,-0.06370808,1.704681,9.876719,-0.01437094,0.2376746,0.03430347
9.00,0.00265585,1.710028,9.974817,-0.01708478,0.2192526,0.001655236
9.02,0.03214162,1.778108,10.11353,-0.01807888,0.1489587,-0.03064934
9.04,-0.06144087,1.910928,10.16222,-0.02699875,0.05456093,-0.03302775
9.06,-0.2830743,1.881186,10.07681,-0.04729085,-0.007285964,-0.008108423
9.08,-0.4274553,1.618401,9.85815,-0.07983298,-0.01661324,0.0196554
9.10,-0.3877079,1.422972,9.68498,-0.0903441,-0.004484303,0.03045025
9.12,-0.2354146,1.292765,9.672479,-0.05968707,0.0122187,0.0245882
9.14,-0.1459132,1.278634,9.775416,-0.02206403,0.02557603,0.006571565
9.16,-0.229445,1.423021,9.85201,-0.01746269,0.02807049,-0.01167544
9.18,-0.266021,1.592183,9.827075,-0.03424418,0.02067835,-0.02651302
9.20,-0.210609,1.70759,9.771267,-0.03549454,0.005040141,-0.03499266
9.22,-0.122021,1.787222,9.789879,0.003812395,-0.004491964,-0.0419128
9.24,-0.05080692,1.830817,9.810991,0.04779524,-0.02016264,-0.04143951
9.26,-0.05186564,1.828034,9.748766,0.06622227,-0.03306363,-0.03111166
9.28,-0.06846476,1.781986,9.739105,0.07387944,-0.04935027,-0.02756564
9.30,-0.02064073,1.766003,9.71475,0.09124564,-0.07832122,-0.02551009
9.32,0.0358717,1.716072,9.695977,0.09272897,-0.1061408,-0.01605859
9.34,0.01484721,1.652186,9.634409,0.0608288,-0.1174761,-0.01067765
9.36,-0.03512314,1.609593,9.564443,0.01157487,-0.1085482,-0.02171627
9.38,-0.06006966,1.505678,9.555096,-0.03351163,-0.0782189,-0.04434563
9.40,-0.04350024,1.396096,9.542733,-0.04837482,-0.04657809,-0.07690792
9.42,0.04504018,1.439277,9.507624,-0.03388022,-0.01992763,-0.09333894
9.44,0.06818245,1.585364,9.496104,0.004613294,-0.0001464248,-0.09137618
9.46,0.05891219,1.658916,9.575267,0.03133211,0.005122554,-0.07763538
9.48,0.01472064,1.708717,9.624569,0.01587784,-0.01090924,-0.06536657
9.50,0.00835475,1.82153,9.594265,-0.01034648,-0.03567547,-0.05502217
9.52,0.05297428,1.835737,9.541412,-0.03438756,-0.04367211,-0.03555942
9.54,0.06296918,1.804884,9.476666,-0.0589464,-0.03827092,-0.01419597
9.56,0.03524553,1.799861,9.45987,-0.07142107,-0.02230084,-0.0005098007
9.58,0.01227638,1.736877,9.607301,-0.05138952,0.0169144,-0.01828037
9.60,-0.01677019,1.725635,9.665893,-0.02300509,0.04270556,-0.05412708
9.62,-0.1249001,1.840399,9.638375,-0.008591334,0.04953938,-0.08474542
9.64,-0.2017148,1.959028,9.700934,0.005989836,0.03245346,-0.0843307
9.66,-0.1818389,2.008029,9.819192,0.02300029,0.0119069,-0.05662055
9.68,-0.1947827,1.992296,9.867308,0.03599044,-0.007952794,-0.02703985
9.70,-0.1871586,1.843715,9.80954,0.04312836,-0.006999059,-0.0237534
9.72,-0.08071559,1.772719,9.829576,0.05594228,-0.01942394,-0.03504874
9.74,-0.01588248,1.909952,9.882276,0.06937447,-0.04576084,-0.02612993
9.76,-0.02804074,1.989026,9.858266,0.07403499,-0.05203036,0.01663068
9.78,0.004880366,1.945712,9.719052,0.06213842,-0.04313469,0.06116593
9.80,0.1264392,1.853255,9.647373,0.05295183,-0.04970292,0.06828098
9.82,0.221207,1.799255,9.584446,0.05384217,-0.07527003,0.04608538
9.84,0.1480112,1.726279,9.527707,0.05185337,-0.08351377,0.02334971
9.86,0.03942991,1.731159,9.542486,0.03270407,-0.08003013,0.01340397
9.88,0.01017688,1.793823,9.546575,0.01121462,-0.07149489,0.01221826
9.90,0.04071319,1.810704,9.491294,0.01891427,-0.05143603,0.01156786
9.92,0.06458632,1.808384,9.48264,0.04348147,-0.02641839,0.01227393
9.94,-0.03396772,1.859577,9.468665,0.05180182,-0.00391849,0.02105919
9.96,-0.1377719,1.917667,9.501825,0.05159498,0.004239352,0.03660627
9.98,-0.1682957,1.88367,9.494716,0.06097001,0.02175533,0.04950583
10.00,-0.1400702,1.853466,9.505033,0.07866704,0.04366046,0.05990349
10.02,-0.1636046,1.85813,9.617293,0.08887713,0.07058677,0.05909125
10.04,-0.1805008,1.885893,9.754345,0.08531802,0.09188652,0.04797471
10.06,-0.1260606,1.949769,9.855018,0.07973757,0.09430697,0.03434201
10.08,-0.0692647,2.018745,9.882363,0.0712802,0.06968004,0.01743647
10.10,-0.02984527,2.093432,9.881192,0.06350763,0.03614178,0.007665649
10.12,-0.01460278,2.117483,9.85298,0.0556936,0.007966922,0.006106493
10.14,0.03059386,2.025125,9.766806,0.04104248,-0.01144729,0.004317899
10.16,0.1390653,1.904535,9.666903,0.03844561,-0.02670534,0.002104546
10.18,0.2686861,1.893996,9.646911,0.05397422,-0.03849876,-0.006364337
10.20,0.3167004,1.979594,9.63144,0.05907101,-0.0640097,-0.0007829573
10.22,0.2450279,2.035812,9.571098,0.04479257,-0.08103407,0.01872643
10.24,0.1907541,2.051139,9.442802,0.03062855,-0.080932,0.0448257
10.26,0.1524197,1.992598,9.27707,0.03291026,-0.04863657,0.07501996
10.28,0.06513057,1.857024,9.216209,0.03637603,0.01187889,0.08675032
10.30,-0.02866085,1.712358,9.259939,0.03281831,0.06788525,0.07185943
10.32,-0.05942696,1.692108,9.368672,0.02039691,0.09205586,0.03409212
10.34,-0.05238794,1.76375,9.454329,0.02479212,0.09052934,-0.01445209
10.36,-0.06372379,1.85635,9.580164,0.03275874,0.08388681,-0.05176885
10.38,-0.1536935,1.943893,9.684515,0.02972789,0.06877839,-0.07402413
10.40,-0.1657287,2.056827,9.791403,0.02152225,0.05222651,-0.08358367
10.42,-0.03828318,2.125857,9.989272,0.02739386,0.0474105,-0.08296102
10.44,0.07452758,2.25308,10.17475,0.04829426,0.03430177,-0.07410114
10.46,0.0919941,2.436923,10.36841,0.06523736,-0.01145597,-0.05273344
10.48,0.01749179,2.596,10.39339,0.05963993,-0.09406327,-0.01649719
10.50,-0.06145966,2.547464,10.16627,0.03549052,-0.1705678,0.02340572
10.52,-0.06492182,2.344603,9.842793,0.02149107,-0.2011702,0.05438412
10.54,-0.04370284,2.08153,9.55241,0.02972413,-0.1780715,0.06814108
10.56,-0.02437996,1.908555,9.424742,0.05019316,-0.1338589,0.05220277
10.58,-0.01319635,1.883141,9.394362,0.05319116,-0.09830381,0.02495366
10.60,0.007215434,1.93075,9.457561,0.04510967,-0.07256627,0.008182044
10.62,-0.04297183,2.053119,9.572742,0.04087303,-0.05336376,0.006538529
10.64,-0.1559262,2.045023,9.6655,0.02555314,-0.03997731,0.005665114
10.66,-0.179104,1.979894,9.784595,-0.002959904,-0.03930133,-0.007115455
10.68,-0.1146528,2.020359,9.924088,-0.01929397,-0.05357781,-0.02586159
10.70,-0.1071625,2.147626,10.00107,-0.02063204,-0.07666153,-0.04101964
10.72,-0.1685938,2.191387,10.04887,-0.01799186,-0.09462564,-0.05009658
10.74,-0.2042936,2.127762,10.03529,-0.008002383,-0.107086,-0.05369361
10.76,-0.196155,2.110456,9.945744,0.01633359,-0.1042804,-0.06931555
10.78,-0.2181336,2.140385,9.71779,0.06401311,-0.05762823,-0.08933236
10.80,-0.1991933,2.120967,9.453179,0.101703,0.01368675,-0.1210526
10.82,-0.06298301,2.203019,9.384683,0.1154048,0.04721884,-0.1561276
10.84,0.1192651,2.308731,9.341262,0.1228911,0.05241823,-0.1899274
10.86,0.2866653,2.261852,9.269675,0.1336067,0.04878752,-0.2235388
10.88,0.3934289,2.182728,9.329514,0.141758,0.03172365,-0.2568904
10.90,0.3955352,2.130807,9.378936,0.1407885,-0.005124441,-0.2804247
10.92,0.4276484,2.053241,9.385739,0.1291818,-0.05839832,-0.29397
10.94,0.464432,2.046191,9.375019,0.1394877,-0.1306717,-0.2975641
10.96,0.4736616,2.117753,9.344255,0.1840432,-0.2046364,-0.2902564
10.98,0.4473124,2.190382,9.214429,0.2373292,-0.2545314,-0.2809629
11.00,0.4515186,2.294754,9.09236,0.2584874,-0.268553,-0.2722888
11.02,0.4707484,2.546721,9.113984,0.249039,-0.268799,-0.2687185
11.04,0.4770885,2.751623,9.150374,0.2324814,-0.2522382,-0.265429
11.06,0.3409575,2.705731,9.10375,0.2382457,-0.2201364,-0.2724648
11.08,0.2441211,2.509744,9.04609,0.253718,-0.1942203,-0.3027584
11.10,0.2925341,2.510633,9.170813,0.2778654,-0.1745555,-0.3427191
11.12,0.2750584,2.593158,9.141472,0.2939546,-0.1593522,-0.398241
11.14,0.1828395,2.550735,8.941967,0.2931513,-0.147871,-0.4769334
11.16,0.1370393,2.416329,8.785807,0.3029769,-0.1128241,-0.564871
11.18,0.1176128,2.216078,8.733875,0.32873,-0.05437969,-0.652961
11.20,0.1628798,2.247596,8.995098,0.3657278,0.01283552,-0.7235202
11.22,0.1170162,2.726749,9.268535,0.4055003,0.06053714,-0.7333575
11.24,-0.04081997,3.263062,9.43659,0.4554632,0.1074041,-0.6702345
11.26,-0.1842816,3.508556,9.722503,0.485523,0.1065281,-0.5520398
11.28,-0.1151389,3.810397,10.13542,0.4628147,0.03715255,-0.3961514
11.30,-0.00362328,4.066267,10.31128,0.3920328,-0.07420787,-0.2321745
11.32,0.21103,3.94659,10.35826,0.325644,-0.2016197,-0.08845557
11.34,0.4725724,3.823138,10.55415,0.3604538,-0.2998766,0.04021848
11.36,0.6329849,3.888116,10.52556,0.4467003,-0.385204,0.1642474
11.38,0.6320584,3.970063,10.2659,0.4691832,-0.4823601,0.2799011
11.40,0.6536683,4.074868,9.974233,0.4424065,-0.5676636,0.3926108
11.42,0.7601479,4.030226,9.735208,0.39874,-0.6251808,0.4875216
11.44,0.8840641,3.878534,9.492002,0.3582926,-0.6672727,0.5331509
11.46,1.06571,3.836002,9.332006,0.3472661,-0.7083697,0.5358792
11.48,1.148829,3.786114,9.068949,0.3229756,-0.7412267,0.5026417
11.50,1.190145,3.722717,8.888366,0.2971607,-0.742589,0.4462831
11.52,1.240122,3.730361,8.665404,0.2685601,-0.738827,0.3716125
11.54,1.290564,3.871082,8.464869,0.2565072,-0.7249613,0.2753495
11.56,1.369125,3.91392,8.212318,0.2732028,-0.7197514,0.1628613
11.58,1.534302,3.891716,7.809234,0.3371623,-0.7192003,0.07162793
11.60,1.698811,3.956471,7.344738,0.4416834,-0.7085691,0.02605126
11.62,1.588747,3.842693,6.818872,0.5142587,-0.6616412,-0.06424382
11.64,1.553244,3.832135,6.612884,0.5567682,-0.633769,-0.2238996
11.66,1.945713,4.08401,7.596247,0.588298,-0.647402,-0.3823708
11.68,2.29021,4.690687,8.807158,0.564789,-0.7334555,-0.4952123
11.70,1.947923,5.429818,8.714654,0.4953797,-0.8104751,-0.5842727
11.72,1.519992,5.425226,8.29663,0.5053378,-0.8094705,-0.6786096
11.74,1.50481,5.055946,7.767686,0.6018373,-0.7390996,-0.7633788
11.76,1.779054,4.97159,7.290789,0.7097378,-0.589444,-0.786648
11.78,2.064337,5.016435,7.233416,0.7488692,-0.398142,-0.7575732
11.80,1.991239,5.24066,7.056849,0.7677378,-0.2683856,-0.7326326
11.82,1.757738,5.362931,6.941853,0.8048319,-0.227997,-0.7578347
11.84,1.88434,5.491944,6.950959,0.9114025,-0.2994555,-0.7612662
11.86,2.518035,6.216691,7.35194,0.9981034,-0.4063342,-0.6074396
11.88,2.222883,6.565635,7.748893,1.030569,-0.5167714,-0.4214382
11.90,1.840379,6.596422,7.258494,1.010988,-0.5121663,-0.251907
11.92,2.336092,6.880067,6.650139,0.9064233,-0.2492862,-0.1323482
11.94,3.246605,6.869626,5.898472,0.8478715,0.1944944,-0.02949476
11.96,5.98742,9.476295,5.282188,0.6056132,1.213595,0.1382216
11.98,3.739924,6.261652,6.400898,0.5338199,1.441475,0.093188
12.00,3.206119,7.185836,7.791205,0.4451759,1.236941,0.04948116
12.02,1.516538,6.431032,7.98015,0.4715431,0.6872387,0.03246633
12.04,1.001483,6.622092,7.792543,0.4720902,0.1700206,0.07258692
12.06,1.362736,7.239325,7.475273,0.4112895,-0.1181102,0.1308872
12.08,2.148578,7.436348,7.058532,0.4679728,-0.2570929,0.1633739
12.10,2.643033,6.900224,6.615889,0.5104588,-0.2429352,0.1076976
12.12,2.692542,6.58887,6.12145,0.4963641,-0.1369533,0.01262457
12.14,2.516811,6.65527,5.726676,0.4757736,0.001517,-0.0751204
12.16,2.584716,7.156915,5.567213,0.4812561,0.2259181,-0.135161
12.18,2.123264,7.073352,5.555372,0.5146841,0.37103,-0.169697
12.20,1.821214,7.43285,5.917703,0.53101,0.4365651,-0.1603434
12.22,1.559588,7.828825,6.488016,0.5300891,0.3889968,-0.1071282
12.24,1.325393,7.978246,6.966073,0.5316423,0.25359,-0.03827109
12.26,1.379931,7.904388,7.025267,0.5621489,0.04287149,0.00821749
12.28,2.089637,8.379668,6.642844,0.57906,-0.09208491,0.01473277
12.30,2.00314,7.575875,5.912585,0.5677242,-0.1105306,-0.01702715
12.32,1.853066,7.65853,5.503401,0.539214,-0.1178236,-0.0360946
12.34,1.622306,7.991338,5.257723,0.5177222,-0.09924258,-0.0213678
12.36,1.614312,8.050809,5.262045,0.449995,-0.1221417,-0.006868857
12.38,1.737193,8.021377,5.07892,0.3588926,-0.1590247,-0.002492178
12.40,1.774157,8.036515,4.782283,0.2696412,-0.1565655,-0.001891163
12.42,1.9102,7.9444,4.750558,0.1885057,-0.1541927,-0.02260592
12.44,1.962321,7.951065,4.896388,0.1266968,-0.152031,-0.04779488
12.46,1.919317,7.970184,4.907564,0.0850988,-0.1372204,-0.0699039
12.48,1.84552,8.096066,4.957714,0.05824691,-0.1189125,-0.07527311
12.50,1.747334,8.185925,4.976024,0.04061564,-0.09942812,-0.06903365
12.52,1.668767,8.28752,4.947608,0.03476153,-0.06642688,-0.04786579
12.54,1.627823,8.363884,4.934371,0.04864563,-0.01187518,-0.01399623
12.56,1.654904,8.308456,4.987213,0.07161365,0.04539854,0.01046291
12.58,1.774777,8.165356,5.12248,0.0561469,0.04499842,0.01363048
12.60,1.925565,8.017516,5.197488,0.00845834,-0.001651185,-0.006984986
12.62,2.008159,7.953384,5.150732,-0.04154794,-0.04459709,-0.04021155
12.64,2.002679,7.971408,5.089021,-0.07084173,-0.05971596,-0.07037908
12.66,1.916317,8.053365,5.102908,-0.08697793,-0.06429867,-0.08602528
12.68,1.802651,8.133634,5.143191,-0.1140565,-0.07924209,-0.0897412
12.70,1.690523,8.217258,5.086908,-0.1408703,-0.08551762,-0.07612621
12.72,1.620243,8.295581,5.003546,-0.1587369,-0.06299634,-0.05061013
12.74,1.55331,8.327039,4.963376,-0.173145,-0.03005783,-0.01783763
12.76,1.56774,8.305798,4.974304,-0.1707383,0.01992858,0.01431612
12.78,1.629256,8.225648,5.042866,-0.1336537,0.1011065,0.03899057
12.80,1.697427,8.108668,5.230699,-0.08885315,0.1651338,0.04971787
12.82,1.748549,8.028234,5.533344,-0.06273085,0.1720567,0.05119485
12.84,1.759665,7.973453,5.815435,-0.05036918,0.120992,0.04451737
12.86,1.779978,7.960109,5.961596,-0.04497296,0.04228667,0.03240194
12.88,1.839929,7.920235,5.777564,-0.03571706,-0.008681235,0.01622203
12.90,1.86476,7.91292,5.563935,-0.03349749,-0.0365014,-0.0009418284
12.92,1.79853,7.997534,5.369897,-0.04595505,-0.04402618,-0.007471455
12.94,1.706549,8.076982,5.253095,-0.06299582,-0.0354915,-0.0002398285
12.96,1.66595,8.123203,5.207136,-0.0802522,-0.01827098,0.01545259
12.98,1.664215,8.093754,5.216271,-0.09606884,0.005911608,0.03080908
13.00,1.698251,8.059485,5.229887,-0.1055749,0.03018127,0.04145424
13.02,1.723602,8.009313,5.302489,-0.1082948,0.05625072,0.05168783
13.04,1.746306,7.985171,5.410917,-0.1011374,0.07690533,0.05336932
13.06,1.770385,7.94173,5.516107,-0.09018222,0.0857618,0.05475137
13.08,1.785537,7.917235,5.599011,-0.08306679,0.08390309,0.05313601
13.10,1.779772,7.890762,5.656506,-0.07968958,0.07094069,0.048847
13.12,1.799852,7.871274,5.666191,-0.08188167,0.05505851,0.04322602
13.14,1.810253,7.850101,5.674509,-0.08403132,0.03670907,0.03801744
13.16,1.81341,7.856603,5.61174,-0.08364151,0.03385164,0.02895805
13.18,1.800208,7.860483,5.553357,-0.08186863,0.04616525,0.0274884
13.20,1.787226,7.86011,5.548533,-0.07557728,0.05655501,0.02435721
13.22,1.7785,7.860436,5.595844,-0.08018925,0.05903704,0.02479558
13.24,1.763764,7.857447,5.644185,-0.08047802,0.06032114,0.02719187
13.26,1.772367,7.851934,5.647063,-0.07446173,0.06499998,0.02649032
13.28,1.781684,7.814404,5.696534,-0.06065756,0.07032377,0.02471161
13.30,1.796564,7.784671,5.815331,-0.04946584,0.0622607,0.01904999
13.32,1.788309,7.77808,5.891707,-0.04884106,0.03440778,0.01413774
13.34,1.76171,7.811281,5.824891,-0.05913382,0.003101882,0.01079663
13.36,1.743399,7.822775,5.691564,-0.07205837,-0.007647695,0.01222142
13.38,1.731001,7.822135,5.596121,-0.07950172,0.006685818,0.01453138
13.40,1.742241,7.810028,5.58458,-0.08272633,0.0240917,0.01936305
13.42,1.751352,7.77948,5.667766,-0.09128354,0.02981026,0.01855488
13.44,1.743799,7.764418,5.767848,-0.09981755,0.02261236,0.02003624
13.46,1.722229,7.781843,5.776761,-0.09902094,0.02326831,0.02562759
13.48,1.719364,7.777875,5.752371,-0.09186562,0.03628365,0.03408874
13.50,1.719082,7.763421,5.756281,-0.07973427,0.06116906,0.0426053
13.52,1.718993,7.746185,5.795998,-0.06847677,0.0805014,0.04735636
13.54,1.709209,7.737879,5.86106,-0.05997287,0.08812685,0.05478216
13.56,1.728765,7.699665,5.933584,-0.06053857,0.07977623,0.05590748
13.58,1.76622,7.658294,5.933165,-0.06402458,0.06716735,0.05168356
13.60,1.832222,7.604522,5.9101,-0.06945767,0.05969496,0.03974713
13.62,1.848745,7.585401,5.906168,-0.07082459,0.05432939,0.02710363
13.64,1.831283,7.606144,5.932189,-0.06774807,0.05085733,0.01784899
13.66,1.787019,7.630081,5.967661,-0.06304226,0.04365212,0.01146142
13.68,1.770406,7.642948,5.985483,-0.06009394,0.03611478,0.008505662
13.70,1.740036,7.65521,5.97862,-0.05380652,0.03377781,0.007467047
13.72,1.730198,7.660811,5.953462,-0.05107233,0.03156516,0.0102387
13.74,1.718601,7.659067,5.947233,-0.05041261,0.03699961,0.01440394
13.76,1.707129,7.651588,5.963919,-0.04758366,0.03629891,0.01976897
13.78,1.718711,7.628862,5.95469,-0.05453848,0.03213411,0.02060855
13.80,1.748749,7.60282,5.94648,-0.06251195,0.03030166,0.02035513
13.82,1.758515,7.577262,5.950048,-0.06478164,0.03226316,0.01671109
13.84,1.752465,7.577754,6.003994,-0.06548673,0.03224678,0.01340659
13.86,1.744911,7.574716,6.042201,-0.06267762,0.0327452,0.01047987
13.88,1.727248,7.565436,6.028739,-0.06169488,0.0315962,0.01029982
13.90,1.723751,7.565225,6.026254,-0.06406348,0.03436921,0.01082006
13.92,1.71915,7.571441,6.037386,-0.07027547,0.02588647,0.01014754
13.94,1.709676,7.566408,6.026428,-0.0731904,0.02774508,0.01327299
13.96,1.68948,7.569629,6.028783,-0.0809387,0.02813173,0.01710039
13.98,1.699842,7.553614,6.015233,-0.09056415,0.03272051,0.0216893
14.00,1.713676,7.528182,6.05252,-0.09690394,0.03500402,0.02287233
14.02,1.720042,7.507974,6.063885,-0.1032293,0.03803653,0.02379715
14.04,1.723462,7.494155,6.070172,-0.1102338,0.03529122,0.02319839
14.06,1.729219,7.477035,6.085302,-0.1159854,0.03689145,0.0227366
14.08,1.740059,7.45354,6.118466,-0.1214085,0.04210358,0.01711704
14.10,1.732575,7.430567,6.169484,-0.1261108,0.03711648,0.01606323
14.12,1.720371,7.419763,6.265005,-0.1345223,0.0197498,0.01391108
14.14,1.714429,7.399843,6.272523,-0.1413768,0.001484502,0.01123015
14.16,1.751044,7.365538,6.206722,-0.1585601,-0.01071929,0.006001289
14.18,1.809121,7.311107,6.137809,-0.1757544,-0.01002929,-0.005481315
14.20,1.794506,7.305129,6.137983,-0.1842942,0.0008964239,-0.02038942
14.22,1.737777,7.320309,6.196924,-0.1855613,0.01384818,-0.02119754
14.24,1.677113,7.334639,6.326901,-0.1854015,0.01711351,-0.01767847
14.26,1.656367,7.333928,6.465504,-0.1897388,-0.002347237,-0.007481749
14.28,1.655036,7.3052,6.486542,-0.2010975,-0.0287497,-0.002865809
14.30,1.675016,7.266133,6.416384,-0.2054492,-0.03322492,0.001056179
14.32,1.711501,7.209708,6.433258,-0.2003083,-0.02484686,0.004938964
14.34,1.725159,7.172326,6.432108,-0.1903695,-0.006496881,0.002283582
14.36,1.701045,7.189334,6.448885,-0.1927497,0.003301522,0.006010955
14.38,1.617455,7.223744,6.384111,-0.2074181,0.01334094,0.02210873
14.40,1.637121,7.184526,6.291936,-0.2303321,0.03512632,0.03498829
14.42,1.684409,7.100636,6.358312,-0.2621593,0.04798378,0.0400857
14.44,1.680677,7.076781,6.438858,-0.2802474,0.0614532,0.04770418
14.46,1.67911,7.055663,6.554567,-0.2790795,0.08454569,0.05562588
14.48,1.675915,6.953622,6.782821,-0.2933985,0.06570052,0.06171343
14.50,1.715572,6.879631,6.928828,-0.3190439,0.02078992,0.06262994
14.52,1.699665,6.898114,7.000478,-0.339659,-0.03590682,0.06375822
14.54,1.582754,7.01651,7.129322,-0.3574452,-0.09254002,0.08851282
14.56,1.598214,6.85217,7.080455,-0.3530348,-0.1175587,0.1147267
14.58,1.744238,6.769409,7.044574,-0.3506824,-0.1257747,0.1369663
14.60,1.75597,6.817501,7.467083,-0.4022286,-0.2238683,0.1649404
14.62,1.646243,6.775813,7.160658,-0.4394568,-0.272534,0.2067332
14.64,1.645099,7.000191,6.925242,-0.46562,-0.2685755,0.2734813
14.66,1.538553,7.157834,7.284261,-0.5121869,-0.3216701,0.3851841
14.68,1.759821,7.2788,7.652082,-0.6067886,-0.2970607,0.5302131
14.70,2.267754,6.6281,7.431713,-0.6501443,-0.1881954,0.6231804
14.72,2.64294,5.585057,7.57926,-0.7391525,-0.1047839,0.6056855
14.74,3.317115,5.845585,7.665825,-0.7735594,-0.1046894,0.6367815
14.76,3.410099,5.686122,7.826186,-0.7216308,-0.1698668,0.6561679
14.78,3.142558,5.216015,7.356585,-0.7097994,-0.09822834,0.6079819
14.80,3.149276,4.994007,7.038061,-0.7153069,0.09812334,0.558962
14.82,3.381031,5.17426,6.869755,-0.7551535,0.3387524,0.5435123
14.84,3.394483,4.952519,6.780465,-0.824701,0.5578952,0.5082939
14.86,3.258739,4.734667,6.829247,-0.850832,0.784242,0.4484106
14.88,3.174281,4.871159,7.283943,-0.8494729,0.9435076,0.4165598
14.90,2.964141,4.870735,7.479971,-0.8233136,1.037297,0.3955821
14.92,2.714266,4.65316,7.540311,-0.7780874,1.076196,0.3713932
14.94,2.453274,4.47131,7.779049,-0.6768246,0.9751195,0.3319844
14.96,2.126698,4.338967,8.370761,-0.4824002,0.5895549,0.2611438
14.98,1.930543,4.282347,8.584502,-0.3152575,0.2060017,0.26588
15.00,1.789829,4.664779,8.677132,-0.2184425,-0.0645142,0.3604137
15.02,1.829943,4.665789,8.208922,-0.1681975,-0.1222445,0.4451391
15.04,2.164049,4.562435,8.142964,-0.09979708,-0.1238524,0.4645806
15.06,2.387745,4.671587,9.353584,-0.006655657,-0.2988854,0.4454219
15.08,2.419243,4.956579,9.980054,0.05775412,-0.5131859,0.4349015
15.10,2.463592,5.39606,9.377735,0.0128896,-0.5346292,0.4652067
15.12,2.685356,5.65943,8.672625,-0.0412262,-0.4453872,0.5344841
15.14,3.37451,4.907116,8.412673,-0.175781,-0.1709962,0.6818662
15.16,3.923375,4.25867,8.314857,-0.3670409,0.2897845,0.8282374
15.18,4.000918,4.122051,8.363634,-0.4847507,0.6687279,0.9414362
15.20,3.508122,3.692343,7.968311,-0.5676757,1.017048,0.9703525
15.22,3.037015,3.125539,7.51116,-0.5751486,1.321374,0.9499658
15.24,3.096468,2.622957,8.281294,-0.5096794,1.485628,0.9454398
15.26,2.722575,2.508705,9.292408,-0.4952272,1.566931,0.9649274
15.28,2.063313,2.758665,9.147868,-0.5126026,1.660725,0.9719983
15.30,1.612446,2.562923,8.99869,-0.5480633,1.738887,0.9349868
15.32,1.261017,2.003715,9.022732,-0.583739,1.762906,0.840884
15.34,0.9139194,1.677645,9.21452,-0.6274738,1.690194,0.7045385
15.36,0.5602008,1.640695,9.428311,-0.6740625,1.562036,0.5756734
15.38,0.09339643,1.570258,9.377491,-0.7008807,1.458745,0.4608519
15.40,-0.3513637,1.355833,9.348257,-0.7064462,1.348824,0.3386454
15.42,-0.6451067,1.23556,9.48882,-0.6792336,1.13513,0.2181366
15.44,-0.8267087,1.164093,9.539068,-0.6233948,0.8670561,0.136993
15.46,-1.143697,1.043955,9.488066,-0.5580297,0.6486341,0.08900043
15.48,-1.416709,1.062362,9.544157,-0.4761494,0.4844381,0.08441854
15.50,-1.613633,1.190727,9.669353,-0.3779331,0.3332627,0.1185944
15.52,-1.74464,1.402783,9.779854,-0.3145358,0.1723242,0.1730944
15.54,-1.859725,1.497545,9.565472,-0.2443592,0.07194484,0.2125698
15.56,-1.681294,1.368467,9.431563,-0.1909461,0.06793001,0.2193803
15.58,-1.402788,1.153482,9.322966,-0.1895783,0.1113754,0.1522672
15.60,-1.1513,1.079333,9.397024,-0.188242,0.1238661,0.01009529
15.62,-0.9107813,1.202643,9.675243,-0.1435186,0.0743667,-0.1657873
15.64,-0.74783,1.47533,9.729424,-0.09828507,0.03252414,-0.295285
15.66,-0.693135,1.570206,9.669815,-0.09015656,0.07817147,-0.3427824
15.68,-0.6601388,1.700389,9.843306,-0.129802,0.1714607,-0.3258533
15.70,-0.5505143,1.928924,9.998006,-0.1996689,0.2428692,-0.2846243
15.72,-0.4040045,2.034535,10.13176,-0.2371677,0.2740274,-0.2664925
15.74,-0.242118,1.889703,10.05801,-0.2233029,0.281489,-0.2745325
15.76,-0.1825638,1.68627,9.802813,-0.1987986,0.2817723,-0.2908941
15.78,-0.2775387,1.545908,9.555844,-0.1686005,0.2537584,-0.2969323
15.80,-0.3776528,1.545854,9.531123,-0.1352883,0.1949053,-0.2664934
15.82,-0.4661966,1.559705,9.337709,-0.1212485,0.1724793,-0.1964785
15.84,-0.5362467,1.514558,9.065582,-0.1225907,0.2106201,-0.1117979
15.86,-0.519291,1.501904,8.916289,-0.1182296,0.2686862,-0.03013835
15.88,-0.4578412,1.385775,9.219634,-0.08629298,0.2953417,0.01753355
15.90,-0.4615524,1.319862,9.436243,-0.03161533,0.3069722,0.04029201
15.92,-0.808787,1.376146,9.460213,-0.0117104,0.3522028,0.03978452
15.94,-1.220989,1.535907,9.323922,-0.0253657,0.3931258,0.01613766
15.96,-1.351122,1.499133,9.416766,-0.008365512,0.3581035,0.003803048
15.98,-1.284522,1.2014,9.724908,0.05863936,0.2928522,0.0155944
16.00,-1.372408,0.8842123,9.760594,0.1362345,0.2356534,0.01988528
16.02,-1.51422,0.892172,9.677381,0.1746526,0.1723255,0.04720594
16.04,-1.668581,1.085028,9.959443,0.2004944,0.04907612,0.1088436
16.06,-1.652366,1.099948,10.06257,0.1824534,-0.08676986,0.1555105
16.08,-1.525992,1.139341,10.0151,0.1839021,-0.2162638,0.1861044
16.10,-1.486445,0.8170285,9.884524,0.2211297,-0.2983452,0.1674173
16.12,-1.473764,0.6613761,9.636118,0.2437297,-0.3600119,0.1367999
16.14,-1.527638,0.764106,9.560131,0.2178236,-0.4315332,0.1097034
16.16,-1.470259,1.194227,9.488962,0.1722444,-0.491462,0.1337154
16.18,-1.360422,1.301638,9.537827,0.1288721,-0.504409,0.1968776
16.20,-1.333834,1.428107,9.474315,0.1244173,-0.4284838,0.2642437
16.22,-1.273859,1.579631,9.27807,0.1295997,-0.3393534,0.3129571
16.24,-1.143774,1.732361,9.118512,0.1248019,-0.2755083,0.3733299
16.26,-0.9901376,1.805692,9.112294,0.1286317,-0.1971383,0.480797
16.28,-1.087238,1.802874,9.252906,0.146741,-0.07198828,0.6185696
16.30,-1.608202,1.833156,9.020304,0.1703347,0.1411736,0.7014979
16.32,-1.763546,1.957337,8.909324,0.1859361,0.3118165,0.7110527
16.34,-1.381084,2.188742,9.228441,0.2081579,0.4042868,0.6831006
16.36,-1.207219,2.203929,9.3569,0.2403215,0.4982906,0.603312
16.38,-1.17106,1.858486,9.649449,0.2078939,0.6015587,0.4796695
16.40,-1.297467,1.532787,10.3655,-0.0001075645,0.7414193,0.3247809
16.42,-1.526917,1.345577,10.9029,-0.2641487,0.9089605,0.1447829
16.44,-1.742599,1.359063,11.01035,-0.3916012,1.039539,-0.03938461
16.46,-2.024295,1.417436,10.7911,-0.4142712,1.01705,-0.2006848
16.48,-2.204434,1.430781,10.5695,-0.4359351,0.8528395,-0.3104678
16.50,-2.411799,1.512451,10.32878,-0.4690994,0.6179331,-0.3536111
16.52,-2.527296,1.753312,10.14863,-0.456565,0.3850704,-0.3095632
16.54,-2.47299,1.761396,9.764352,-0.388894,0.1628351,-0.2325189
16.56,-2.271246,1.326103,9.401947,-0.2951163,-0.0510999,-0.1780803
16.58,-2.092275,0.611799,9.425576,-0.1263302,-0.2213259,-0.1568643
16.60,-2.119114,0.3227853,9.697787,0.07131834,-0.3561396,-0.1190979
16.62,-2.202795,0.4461583,9.747005,0.1960122,-0.4730074,-0.07488941
16.64,-2.18355,0.807411,9.658088,0.2313836,-0.6092104,-0.03683686
16.66,-2.022463,1.138086,9.78681,0.2085945,-0.7522255,0.003577736
16.68,-1.845875,1.489012,10.09006,0.2004111,-0.8726211,0.04961023
16.70,-1.77203,1.652168,9.937053,0.2307258,-0.9132022,0.08757598
16.72,-1.4056,1.490143,9.832874,0.2444918,-0.9209625,0.09949771
16.74,-0.9967549,1.364694,9.870908,0.2303202,-0.9180606,0.08432739
16.76,-0.6690787,1.595202,10.36092,0.2607551,-0.9285482,0.07334541
16.78,-0.6205831,2.028714,10.20951,0.2994786,-0.9053337,0.06949331
16.80,-0.774805,2.300179,9.507577,0.2835579,-0.8284583,0.07515524
16.82,-0.784424,2.043332,8.721126,0.2315781,-0.6622165,0.07731474
16.84,-0.5742243,1.495677,8.324816,0.1944693,-0.4433634,0.05947006
16.86,-0.2747779,1.050959,8.389293,0.2027996,-0.1950129,5.513863e-05
16.88,0.0209405,1.045846,8.801795,0.1579879,0.0398819,-0.07939932
16.90,0.252518,1.466562,9.105536,0.01782832,0.2239319,-0.1628323
16.92,0.3976784,2.006747,9.247737,-0.1353028,0.3980453,-0.2213383
16.94,0.1823249,2.179422,9.434726,-0.2460903,0.5317417,-0.2394205
16.96,-0.2955594,1.940564,9.589463,-0.2970188,0.5934379,-0.2168557
16.98,-0.689575,1.626596,9.443272,-0.302743,0.6178623,-0.1768263
17.00,-0.8471942,1.55865,9.493942,-0.2416318,0.613937,-0.119387
17.02,-0.8855108,1.724886,9.807026,-0.1350621,0.5871461,-0.05450661
17.04,-0.9923203,1.841554,10.06235,-0.04948262,0.5142031,-0.009596845
17.06,-1.15093,1.770234,10.03934,-0.01488952,0.4040061,0.009534583
17.08,-1.237568,1.558372,9.946423,0.00425033,0.2852898,0.0112283
17.10,-1.249194,1.45829,9.946674,0.02790174,0.1855414,0.006899152
17.12,-1.156898,1.464665,10.13927,0.0460666,0.08252677,0.01026422
17.14,-1.069833,1.475074,10.26858,0.02423601,-0.04166535,0.02040276
17.16,-0.9877962,1.540959,10.0807,0.01199452,-0.1383073,0.04281338
17.18,-0.9709642,1.642315,9.696477,0.02823064,-0.1241577,0.04680889
17.20,-1.026434,1.517323,9.691385,0.04297325,-0.06332573,0.0179062
17.22,-1.107038,1.356141,9.550584,0.05267793,-0.02998688,-0.01989263
17.24,-1.250233,1.334929,9.461349,0.03248861,-0.03756018,-0.04888198
17.26,-1.391712,1.506795,9.399226,0.03154082,-0.0351127,-0.04830715
17.28,-1.506359,1.632338,9.350095,0.04795345,0.004928837,-0.007751875
17.30,-1.542006,1.523502,9.278497,0.02440062,0.05219885,0.04506369
17.32,-1.485299,1.351893,9.329309,-0.005909637,0.09844254,0.07765573
17.34,-1.340805,1.282155,9.442936,0.005826021,0.1406675,0.0876316
17.36,-1.247331,1.264229,9.409397,0.03176212,0.2018046,0.06868053
17.38,-1.279558,1.322569,9.43267,0.02396557,0.2597035,0.04225205
17.40,-1.277654,1.467279,9.672906,-0.009387871,0.2610465,0.01752526
17.42,-1.27905,1.697963,9.843468,-0.04463753,0.2118133,0.0003154073
17.44,-1.268401,1.728345,9.881474,-0.0465167,0.143756,-0.001085734
17.46,-1.312657,1.554786,9.828457,-0.02836067,0.0954406,0.009505904
17.48,-1.341636,1.395841,9.752187,-0.01632033,0.04951256,0.02641692
17.50,-1.427053,1.538512,9.667835,-0.005497022,-0.004194171,0.03576952
17.52,-1.4268,1.669257,9.66334,0.0145341,-0.05872044,0.0316283
17.54,-1.332104,1.607517,9.717564,0.03000807,-0.1147167,0.017041
17.56,-1.328535,1.561538,9.687675,0.04104981,-0.1449523,0.003162996
17.58,-1.362313,1.636754,9.65615,0.04875585,-0.1503252,-0.002918402
17.60,-1.361367,1.628564,9.551288,0.03799102,-0.1309487,-0.007139469
17.62,-1.331856,1.589136,9.336913,0.01482206,-0.09078139,-0.0116741
17.64,-1.27571,1.511012,9.334353,0.002586705,-0.03786686,-0.01362559
17.66,-1.216341,1.538021,9.488701,0.005328294,0.01484571,-0.00505753
17.68,-1.281362,1.62988,9.572455,-0.002357159,0.0639272,0.01350981
17.70,-1.349204,1.558758,9.487809,-0.03245297,0.1157103,0.02866246
17.72,-1.352227,1.42138,9.429161,-0.06198298,0.1570753,0.0348113
17.74,-1.401188,1.409912,9.481281,-0.06732686,0.1892925,0.02743544
17.76,-1.459248,1.489116,9.558446,-0.05917077,0.2085008,0.0185692
17.78,-1.500067,1.479874,9.625122,-0.06257737,0.2051653,0.01315343
17.80,-1.544124,1.439253,9.728805,-0.07464729,0.1795557,0.01484465
17.82,-1.580557,1.532038,9.772243,-0.08371134,0.141023,0.01777288
17.84,-1.528651,1.511129,9.757233,-0.08071197,0.1041094,-0.003386775
17.86,-1.421541,1.352452,9.711452,-0.07379307,0.06070492,-0.04655734
17.88,-1.390403,1.324167,9.763943,-0.06666261,-0.0007135901,-0.08747635
17.90,-1.548969,1.471401,9.799547,-0.05116422,-0.04321343,-0.0994219
17.92,-1.618464,1.50952,9.727886,-0.04735334,-0.06240641,-0.100854
17.94,-1.573074,1.415947,9.511147,-0.05811495,-0.06569334,-0.11222
17.96,-1.465331,1.330566,9.36809,-0.05763036,-0.06660143,-0.1194066
17.98,-1.420531,1.387162,9.350508,-0.03080206,-0.04680461,-0.1157856
18.00,-1.392537,1.472513,9.427224,0.008746887,-0.03074475,-0.08873192
18.02,-1.37398,1.524729,9.446353,0.0207506,-0.02932261,-0.04979616
18.04,-1.404132,1.513461,9.494504,0.01766288,-0.02325338,-0.01755239
18.06,-1.384828,1.524857,9.60149,0.02606088,-0.003773829,0.005740979
18.08,-1.353863,1.576462,9.619534,0.03190931,0.00110457,0.02534543
18.10,-1.333463,1.51121,9.567153,0.03002186,-0.0002119159,0.03779326
18.12,-1.333957,1.412157,9.559876,0.03480495,0.009169789,0.05079922
18.14,-1.403001,1.367457,9.579697,0.04302338,0.03230941,0.0590564
18.16,-1.437216,1.443191,9.594682,0.03389937,0.02402785,0.06073514
18.18,-1.446887,1.534785,9.575767,0.01583904,-0.004741502,0.06673622
18.20,-1.42455,1.51674,9.600605,0.01037654,-0.02976037,0.07472879
18.22,-1.481593,1.392015,9.644333,0.0206328,-0.02343779,0.07622576
18.24,-1.53949,1.415865,9.620919,0.01612637,-0.02493038,0.07337181
18.26,-1.55365,1.424757,9.497448,-0.009092291,-0.0394013,0.06386115
18.28,-1.554998,1.381301,9.377299,-0.02163608,-0.03588416,0.05367548
18.30,-1.55292,1.365605,9.309227,-0.002734961,0.004251224,0.04302632
18.32,-1.525097,1.38406,9.412715,0.006045715,0.06127418,0.03362675
18.34,-1.513988,1.471007,9.588234,-0.02108341,0.08802658,0.02322602
18.36,-1.507119,1.547867,9.651801,-0.06346445,0.08960554,0.01458146
18.38,-1.555264,1.538364,9.720289,-0.07735451,0.0945088,0.01238308
18.40,-1.628953,1.451023,9.792662,-0.0564872,0.1063689,0.005504147
18.42,-1.699034,1.324945,9.690936,-0.04296615,0.1133635,-0.01353639
18.44,-1.674447,1.293933,9.575953,-0.0415814,0.09645078,-0.03984177
18.46,-1.639065,1.320352,9.565249,-0.03048782,0.067729,-0.06079802
18.48,-1.676757,1.349239,9.600847,-0.01197359,0.04304589,-0.07441385
18.50,-1.677549,1.333172,9.676085,0.001891615,0.01153474,-0.06995072
18.52,-1.645518,1.375877,9.681431,-0.001173052,-0.01539637,-0.04385081
18.54,-1.625314,1.40833,9.56595,-0.006301105,-0.0197095,-0.006400831
18.56,-1.545156,1.250176,9.547341,-0.007513163,-0.01880071,0.01932743
18.58,-1.472321,1.248384,9.567789,0.0006109792,-0.01778336,0.03458757
18.60,-1.505569,1.318435,9.579413,-0.002872826,-0.01026328,0.05643845
18.62,-1.595669,1.364078,9.649156,-0.01281085,0.01435519,0.09157254
18.64,-1.601612,1.484459,9.734385,-0.01954541,0.01766864,0.1276821
18.66,-1.522044,1.556501,9.726105,-0.02011286,-0.007754331,0.1438684
18.68,-1.44207,1.518506,9.721773,-0.007698024,-0.04635045,0.1363045
18.70,-1.404799,1.426109,9.740267,0.02565299,-0.07532842,0.1080356
18.72,-1.435576,1.425561,9.838894,0.05748036,-0.1104814,0.08229601
18.74,-1.486735,1.630584,9.816265,0.04663222,-0.1694669,0.07787595
18.76,-1.52202,1.772424,9.800677,0.02238982,-0.2254516,0.09221416
18.78,-1.525794,1.812808,9.831137,0.03045133,-0.2420733,0.1120208
18.80,-1.565526,1.642583,9.606672,0.05916119,-0.1932577,0.1080006
18.82,-1.587547,1.351107,9.095209,0.05941945,-0.0645938,0.05616067
18.84,-1.51943,1.071364,8.693954,0.02553188,0.1264401,-0.01980696
18.86,-1.556663,1.034445,8.584263,-0.02538177,0.3855902,-0.08391126
18.88,-1.65719,1.285332,9.005365,-0.08086759,0.598684,-0.1088412
18.90,-1.83272,1.493191,9.339418,-0.1569707,0.6907812,-0.09370617
18.92,-1.915604,1.402689,9.555228,-0.2395702,0.7182971,-0.05480048
18.94,-1.945333,1.32356,9.812811,-0.2901866,0.7016431,-0.008289178
18.96,-2.063436,1.383983,9.893632,-0.2913988,0.6722603,0.01766341
18.98,-2.228857,1.357432,9.837054,-0.275096,0.5960453,0.01013969
19.00,-2.313268,1.164482,9.808879,-0.2409911,0.4624743,-0.01524837
19.02,-2.358185,1.087172,9.876539,-0.1957114,0.2736161,-0.03903268
19.04,-2.469627,1.15029,9.800347,-0.140291,0.05515072,-0.04991684
19.06,-2.742008,1.10424,9.563265,-0.05278516,-0.1046465,-0.05723817
19.08,-2.781816,0.8606493,9.380696,0.03575218,-0.2121814,-0.07113162
19.10,-2.638339,0.7994193,9.482325,0.1137562,-0.3303222,-0.07988195
19.12,-2.470708,1.08992,9.525712,0.1570728,-0.4375166,-0.06922722
19.14,-2.339229,1.331282,9.576359,0.1680011,-0.4807575,-0.03911925
19.16,-2.208107,1.403455,9.815169,0.1804491,-0.4791994,0.01523087
19.18,-2.116256,1.353682,9.902565,0.1568348,-0.4878685,0.06150946
19.20,-1.945614,1.344681,9.966369,0.1127952,-0.5605243,0.07471341
19.22,-1.679325,1.341279,10.01551,0.08857749,-0.6680325,0.0537877
19.24,-1.552038,1.310023,10.16076,0.1107895,-0.7278804,0.01809659
19.26,-1.59943,1.269207,10.14566,0.1176646,-0.7287237,-0.0124571
19.28,-1.602725,1.176652,10.08177,0.08529789,-0.7241318,-0.03650111
19.30,-1.490965,1.203486,10.05723,0.04324115,-0.7094231,-0.03621004
19.32,-1.389745,1.319842,9.951969,0.03030688,-0.6428195,-0.03703636
19.34,-1.381302,1.370293,9.705423,0.06801815,-0.4898112,-0.05235424
19.36,-1.351642,1.088359,9.336713,0.09539157,-0.284824,-0.1074864
19.38,-1.221109,0.8044582,9.25396,0.09040707,-0.09736149,-0.181043
19.40,-1.142507,0.9371134,9.481156,0.03717726,0.02104715,-0.2420223
19.42,-0.9930584,1.232215,9.477285,-0.0534873,0.09674159,-0.2684423
19.44,-1.050939,1.413854,9.428496,-0.1087588,0.1740979,-0.2936092
19.46,-1.005517,1.567666,9.675514,-0.08660266,0.2173109,-0.3105486
19.48,-0.9960093,1.657793,9.928394,-0.0380155,0.1666577,-0.325663
19.50,-1.063717,1.637077,9.915784,-0.008730033,0.02865887,-0.3382305
19.52,-1.001004,1.388844,9.927848,0.01987712,-0.1351057,-0.3333626
19.54,-1.012447,1.247195,10.07864,0.09192505,-0.2596238,-0.3170012
19.56,-1.03582,1.390667,10.11885,0.1781283,-0.3575283,-0.2890551
19.58,-0.9975922,1.489775,10.20196,0.2344624,-0.4806343,-0.2632833
19.60,-0.9187902,1.491176,10.26328,0.2569648,-0.6098973,-0.2368372
19.62,-0.8129979,1.471878,10.34648,0.2781536,-0.7003856,-0.2009405
19.64,-0.8606461,1.674465,10.39532,0.3064027,-0.7308771,-0.1496555
19.66,-0.8738374,1.905002,10.34754,0.315367,-0.7015184,-0.09093997
19.68,-0.6935107,2.030139,10.2422,0.2849596,-0.6727304,-0.02914346
19.70,-0.4864575,2.029814,10.14802,0.2193654,-0.6340972,0.006239625
19.72,-0.2880956,1.91317,9.875861,0.1392552,-0.5907716,0.002802833
19.74,-0.006041975,1.697347,9.737786,0.08988096,-0.5260738,-0.03510151
19.76,0.2715469,1.548919,9.785415,0.07675055,-0.4443185,-0.09026064
19.78,0.4089488,1.472987,9.605557,0.04083383,-0.3680939,-0.1591775
19.80,0.5078924,1.471696,9.421342,-0.01096323,-0.3069061,-0.2273652
19.82,0.5271803,1.478642,9.245345,-0.0485923,-0.240139,-0.2820474
19.84,0.5497172,1.46442,9.149252,-0.06437033,-0.1701396,-0.3225146
19.86,0.6643801,1.469504,9.323345,-0.07799878,-0.1107556,-0.3389381
19.88,0.5844714,1.584208,9.250716,-0.09598029,-0.03201468,-0.3347536
19.90,0.3531451,1.769707,9.177996,-0.1083806,0.08956669,-0.3253952
19.92,0.283718,1.921643,9.471729,-0.09014123,0.1795788,-0.2981378
19.94,0.2324403,2.103987,9.574702,-0.07066707,0.1956336,-0.2686684
19.96,0.03835592,2.206769,9.529408,-0.04711552,0.1555042,-0.2501189
19.98,-0.1031768,2.117968,9.480194,0.002921318,0.07525659,-0.2417661
20.00,-0.1353387,1.914179,9.38893,0.08554488,-0.03717197,-0.2284464
20.02,-0.1738794,1.708411,9.159019,0.2019035,-0.1591299,-0.2185645
20.04,-0.1596856,1.599232,9.142436,0.3499315,-0.2860209,-0.2138432
20.06,-0.09767424,1.790495,9.414397,0.4984518,-0.4486551,-0.2226232
20.08,-0.0497581,2.118533,9.575364,0.6059898,-0.6333004,-0.2380366
20.10,-0.0359874,2.162188,9.409739,0.6848814,-0.7943573,-0.2476501
20.12,0.07963183,1.914151,9.08121,0.7646576,-0.9064395,-0.2401757
20.14,0.4323465,1.943828,9.250624,0.8404503,-0.9988759,-0.2152926
20.16,0.7959257,2.24944,9.13689,0.8700339,-1.063151,-0.203127
20.18,1.009891,2.484164,8.893539,0.8741047,-1.065919,-0.2116379
20.20,1.158055,2.506909,8.497857,0.843024,-1.019443,-0.2434615
20.22,1.395046,2.482574,8.43551,0.7923341,-0.9834598,-0.2892138
20.24,1.744585,2.649185,8.744261,0.7357215,-0.9666481,-0.3307977
20.26,2.016689,2.830742,8.747248,0.6628499,-0.9220228,-0.3602579
20.28,2.190745,2.766053,8.555176,0.5844048,-0.8205551,-0.3788986
20.30,2.339023,2.52977,8.311681,0.5263458,-0.678499,-0.4020949
20.32,2.585488,2.395799,8.330638,0.4978405,-0.5535572,-0.4188553
20.34,2.909185,2.603989,8.498481,0.4197823,-0.3685972,-0.3893246
20.36,3.368608,3.337022,8.51779,0.2222891,-0.06863789,-0.2840835
20.38,3.772076,4.135422,8.764568,0.0504042,0.1750422,-0.193359
20.40,3.823267,4.245346,9.3932,-0.008230709,0.2153072,-0.2135725
20.42,3.441456,3.948265,9.52533,-0.02346741,0.1196558,-0.2884956
20.44,2.808199,3.782893,9.346783,-0.007881633,-0.05187292,-0.3401824
20.46,2.127241,3.661608,9.013096,0.05139473,-0.2447425,-0.3545631
20.48,1.652808,3.634338,8.582798,0.1180102,-0.3934662,-0.3641014
20.50,1.629436,3.827704,8.379086,0.1565387,-0.4766291,-0.3757343
20.52,1.838102,4.174844,8.230789,0.1761074,-0.4905196,-0.3891701
20.54,2.240983,4.542786,8.049153,0.1772512,-0.4102766,-0.3832092
20.56,2.583658,4.849796,7.848464,0.1899232,-0.2511509,-0.3497182
20.58,2.682134,5.066539,8.028329,0.2175543,-0.05933461,-0.3152121
20.60,2.650094,5.175918,8.26319,0.2269141,0.05545408,-0.2828777
20.62,2.639742,4.88157,8.584034,0.2453495,0.04153207,-0.2549615
20.64,2.493758,4.394814,8.835928,0.2955126,-0.05245513,-0.265925
20.66,2.412216,4.095797,8.849451,0.3596299,-0.1751896,-0.3188227
20.68,2.422934,4.025424,8.686978,0.3939483,-0.2929106,-0.3874594
20.70,2.285744,4.248219,8.544497,0.4737952,-0.4442264,-0.4584712
20.72,2.04629,4.355469,8.457204,0.5667669,-0.5644836,-0.5041999
20.74,1.837999,4.593735,8.534382,0.6442491,-0.676118,-0.4887741
20.76,1.693555,4.977702,8.495197,0.7160944,-0.8544094,-0.4396642
20.78,1.484236,5.203756,8.619036,0.7632608,-1.082438,-0.43433
20.80,1.492046,5.19724,8.249421,0.8269443,-1.310323,-0.4888754
20.82,1.782879,4.969403,7.793301,0.9373618,-1.599581,-0.5574309
20.84,2.048098,4.777111,7.189069,1.101196,-1.801619,-0.6066362
20.86,2.324419,4.968137,6.598341,1.278479,-1.867981,-0.6066186
20.88,2.347551,5.326227,6.489945,1.435523,-1.964888,-0.6304849
20.90,2.115956,6.048303,6.573568,1.527729,-2.125516,-0.6878793
20.92,2.370336,6.584992,6.650766,1.529315,-2.352139,-0.6946845
20.94,2.720123,7.170086,6.572538,1.441137,-2.43954,-0.6400216
20.96,2.964376,7.494434,6.172186,1.263955,-2.345217,-0.6137125
20.98,3.412491,7.61992,5.68875,1.042103,-2.204647,-0.6555759
21.00,3.847783,7.561842,5.231699,0.8229117,-2.062504,-0.7440607
21.02,4.359562,7.744313,4.789384,0.6285601,-1.74758,-0.7919341
21.04,4.708545,7.613059,4.309933,0.4477668,-1.232542,-0.8226052
21.06,5.113049,7.685347,3.499688,0.2706445,-0.6275358,-0.7933096
21.08,5.365762,7.323105,2.781625,0.07204743,-0.118743,-0.7237984
21.10,5.425285,6.859207,2.853839,-0.08053499,0.227405,-0.6397089
21.12,5.195415,7.068735,3.445133,-0.1435157,0.3900715,-0.5002803
21.14,4.896113,7.368919,3.50428,-0.1162707,0.4282273,-0.3693903
21.16,4.667698,7.16944,3.458208,-0.01330313,0.2695735,-0.343748
21.18,4.718277,7.311774,3.473113,0.1899168,-0.04249208,-0.3542495
21.20,4.630786,7.334311,3.411619,0.4434786,-0.3679607,-0.3522305
21.22,4.510964,7.765292,3.166353,0.6104408,-0.5342656,-0.3433233
21.24,5.327981,9.81722,2.977895,0.1950578,-0.07945992,-0.2655211
21.26,4.835583,8.736742,2.771034,-0.1489619,0.5069855,-0.2377963
21.28,2.852506,7.847177,4.201205,-0.1351287,0.1412607,-0.1611526
21.30,3.319443,8.728341,4.893021,-0.01589156,-0.3416783,-0.1119373
21.32,3.879584,8.476842,3.357422,-0.1818939,-0.07191461,-0.1299424
21.34,3.919517,7.903497,3.402905,-0.2274295,0.1323466,-0.1449357
21.36,3.965251,7.816988,3.834528,-0.1078823,0.261806,-0.1907404
21.38,3.847075,7.760723,3.652471,-0.08285772,0.3696809,-0.2390692
21.40,3.809301,7.795567,3.385275,-0.08476571,0.4891796,-0.2848673
21.42,3.615714,7.853939,3.563725,-0.06787746,0.6188282,-0.3268373
21.44,3.459167,7.955682,3.780691,-0.02085415,0.7404588,-0.3585741
21.46,3.237166,8.05232,3.751295,0.02966952,0.8767316,-0.3743375
21.48,3.153822,8.005714,3.734489,0.06499075,1.012936,-0.4019954
21.50,3.11764,7.851257,3.652007,0.1274455,1.187456,-0.4576041
21.52,2.979321,7.746426,3.801939,0.1848105,1.348228,-0.5361781
21.54,2.858393,7.715767,3.932209,0.2541485,1.483909,-0.6183937
21.56,1.157647,9.195297,5.530566,0.1781967,1.296587,-0.4693824
21.58,0.5424306,10.16403,6.568937,-0.02481433,0.9065075,-0.1913743
21.60,0.02622359,10.01569,7.470654,-0.198254,0.4082069,0.01236709
21.62,0.8046963,8.799577,6.730401,-0.1127757,-0.1168466,0.1540581
21.64,2.081432,8.847625,6.065773,-0.2298848,-0.07642717,0.1484338
21.66,2.580323,7.577921,4.37385,-0.03389917,-0.1340453,0.05099669
21.68,2.571384,7.781141,3.961325,-0.03730265,0.01637338,-0.03013582
21.70,2.270486,8.171959,4.251385,-0.04767478,0.07857016,-0.05615693
21.72,2.000078,8.393543,4.667687,-0.06179665,0.08958302,-0.05166286
21.74,1.961,8.39935,4.75783,-0.06766791,0.08202592,-0.04432058
21.76,2.05541,8.323877,4.970026,-0.07861168,0.04774461,-0.04656893
21.78,2.035402,8.273719,5.126314,-0.07923162,0.0004756131,-0.05653785
21.80,2.007744,8.314661,5.086423,-0.07095646,-0.03121586,-0.06090582
21.82,1.97232,8.33262,4.881267,-0.05404437,-0.02295789,-0.05897741
21.84,2.044459,8.267081,4.708818,-0.03574593,0.01327733,-0.06805829
21.86,1.972305,8.322508,4.835474,-0.0242737,0.0266407,-0.0658925
21.88,1.856683,8.420328,4.896945,-0.01119067,0.03318106,-0.05475065
21.90,1.844814,8.421663,4.924736,-0.01511712,0.01849698,-0.03982731
21.92,1.885539,8.371048,4.891514,-0.02742892,0.0003130275,-0.03418139
21.94,1.92834,8.310565,4.924691,-0.02810089,-0.007402949,-0.03612019
21.96,1.943617,8.289761,4.912269,-0.01734231,-0.003487501,-0.04012195
21.98,1.904584,8.317247,4.940475,-0.009314477,-0.00439628,-0.04010073
22.00,1.876911,8.355427,4.984607,-0.01214822,-0.02194912,-0.03504795
22.02,1.859836,8.355083,4.951617,-0.02018863,-0.04110175,-0.03089621
22.04,1.874623,8.351537,4.840264,-0.02045372,-0.03689332,-0.02433851
22.06,1.86178,8.369733,4.766518,-0.01952139,-0.01935507,-0.01949092
22.08,1.854647,8.364514,4.779516,-0.01443159,-0.0001386091,-0.01361368
22.10,1.853821,8.36803,4.794732,-0.01497012,0.01526407,-0.006993262
22.12,1.839672,8.361811,4.843534,-0.01406707,0.02027842,-0.001336523
22.14,1.845945,8.362238,4.898522,-0.008649563,0.02562911,0.007341548
22.16,1.854734,8.346334,4.913555,-0.004664211,0.03065655,0.01042388
22.18,1.900425,8.295398,4.885994,-0.001032863,0.02984486,0.009368269
22.20,1.883469,8.311359,4.861633,-0.0008290033,0.03628676,0.006952418
22.22,1.884914,8.308422,4.870852,8.078697e-05,0.04229902,0.008077186
22.24,1.884561,8.303206,4.931708,0.003754914,0.03736733,0.002861945
22.26,1.876559,8.307754,4.968776,0.003117296,0.03129405,0.002392688
22.28,1.859607,8.324308,4.967964,0.004994098,0.02116127,0.006065781
22.30,1.869458,8.31541,4.949018,0.008182686,0.01841691,0.00471391
22.32,1.887621,8.293866,4.889645,0.01053992,0.01960826,0.002249757
22.34,1.887967,8.303711,4.848773,0.01283651,0.02810722,0.001086387
22.36,1.880374,8.308308,4.845457,0.01530187,0.03881187,-0.001893743
22.38,1.870431,8.310867,4.897448,0.01196281,0.03669583,-0.002927626
22.40,1.862119,8.306648,4.966516,0.007113868,0.02170053,-0.004153719
22.42,1.879542,8.297362,4.980181,0.007094178,0.01116641,-0.007708902
22.44,1.87518,8.296702,4.952043,0.009116429,0.003032594,-0.01112695
22.46,1.873913,8.306787,4.909522,0.008316666,0.0002183583,-0.0173022
22.48,1.858002,8.314852,4.847274,0.001151226,0.0004461991,-0.01858728
22.50,1.824386,8.344349,4.83263,-0.0057544,0.004578744,-0.01388482
22.52,1.807428,8.35216,4.842292,-0.008017045,0.01108918,-0.01078574
22.54,1.820801,8.358501,4.888318,-0.01373296,0.008424308,-0.006270252
22.56,1.829788,8.341642,4.883739,-0.01355031,0.01090549,-0.004284897
22.58,1.839376,8.320134,4.891329,-0.01237005,0.01266445,-0.003844253
22.60,1.84276,8.310407,4.922344,-0.01400624,0.007627881,-0.005730197
22.62,1.847544,8.308625,4.92474,-0.01980018,0.000772183,-0.009733004
22.64,1.831761,8.3163,4.92275,-0.02012602,-0.0008176139,-0.01001655
22.66,1.831749,8.325989,4.92945,-0.01623855,-0.002020228,-0.006803147
22.68,1.810543,8.334008,4.918149,-0.01560147,-0.001696033,-0.006039018
22.70,1.815528,8.326846,4.900922,-0.01628836,0.0009862909,-0.004989684
22.72,1.824591,8.314357,4.901903,-0.01897657,-0.0003516126,-0.002175347
22.74,1.831766,8.315556,4.915533,-0.01687526,0.003476669,-0.001482391
22.76,1.812899,8.320868,4.926209,-0.009355436,0.008596727,0.0001421983
22.78,1.806531,8.327753,4.945351,4.857447e-05,0.01306653,0.001830853
22.80,1.798552,8.329927,4.957647,0.002820763,0.01657484,0.005789392
22.82,1.798741,8.337008,4.957719,0.01224666,0.02121183,0.008649848
22.84,1.807251,8.322445,4.965219,0.0172919,0.01977593,0.01053751
22.86,1.832932,8.302887,4.955817,0.01941405,0.01626963,0.007471072
22.88,1.852519,8.298263,4.947609,0.01463104,0.009162745,0.005035194
22.90,1.854843,8.288822,4.932063,0.01722564,0.00742944,0.0006161004
22.92,1.857,8.283963,4.929712,0.01832847,0.005411574,-0.003803119
22.94,1.839417,8.308985,4.948636,0.01986952,0.001532964,-0.006524014
22.96,1.817573,8.322622,4.964596,0.02212605,-0.005158843,-0.005398471
22.98,1.809008,8.337617,4.927536,0.02273008,-0.007835985,-0.003985913
23.00,1.808034,8.344194,4.89724,0.02621092,-0.003527159,-0.002226629
23.02,1.804953,8.339629,4.887636,0.02943497,0.003120788,0.0009493433
23.04,1.818136,8.336687,4.891494,0.02773999,0.004078827,0.0004588694
23.06,1.830169,8.320466,4.900588,0.02907224,0.002581315,-0.001077221
23.08,1.847812,8.311896,4.916875,0.03284995,0.0004175731,-0.005961954
23.10,1.845632,8.316414,4.913893,0.03604689,-0.002061321,-0.009481887
23.12,1.829762,8.333761,4.896103,0.03643306,-0.004815053,-0.01113533
23.14,1.811346,8.35236,4.868106,0.03326299,-0.007858959,-0.01157355
23.16,1.802466,8.352932,4.858571,0.0296033,-0.009999867,-0.01225975
23.18,1.800919,8.374273,4.809731,0.02667075,-0.008038364,-0.00911817
23.20,1.795947,8.371522,4.772471,0.02113773,-0.00291167,-0.006323839
23.22,1.794039,8.386385,4.785838,0.01692172,0.004340095,-0.003388547
23.24,1.796105,8.375929,4.822562,0.01652952,0.007681897,-0.002491614
23.26,1.803003,8.365552,4.858033,0.01682888,0.005912953,-0.0004200146
23.28,1.811394,8.362401,4.852649,0.01770539,0.006105463,-0.001209769
23.30,1.822422,8.35551,4.850188,0.01624988,0.005143183,-0.00356349
23.32,1.82756,8.347652,4.848363,0.01380737,-0.0005677519,-0.006319064
23.34,1.817129,8.368842,4.834015,0.01175068,-0.001490328,-0.009015776
23.36,1.816173,8.364076,4.84205,0.01759784,0.0002392804,-0.01010022
23.38,1.816784,8.349996,4.895944,0.0273602,-0.001326501,-0.01086175
23.40,1.806639,8.366219,4.929117,0.03570607,-0.007666675,-0.01203737
23.42,1.797955,8.378572,4.881295,0.03407666,-0.0177826,-0.0120616
23.44,1.811472,8.374078,4.798865,0.03030919,-0.02272183,-0.01501036
23.46,1.809941,8.384442,4.70832,0.02298497,-0.01405765,-0.01548508
23.48,1.793607,8.403067,4.687994,0.02042792,0.0003404846,-0.01477272
23.50,1.774084,8.40862,4.706667,0.01447268,0.0105781,-0.01012452
23.52,1.787084,8.410475,4.759757,0.01406897,0.01113041,-0.009039766
23.54,1.794249,8.3948,4.82531,0.01394671,0.009475201,-0.006906345
23.56,1.79505,8.381932,4.837505,0.01231602,3.441111e-05,-0.009999649
23.58,1.799156,8.402205,4.823977,0.01040478,-0.004432332,-0.006973437
23.60,1.789306,8.410159,4.793696,0.01086965,-0.008536509,-0.007484203
23.62,1.781179,8.416614,4.769684,0.008118873,-0.006269614,-0.005451255
23.64,1.786927,8.418355,4.756926,0.003916354,-0.005773123,-0.004365683
23.66,1.795758,8.396686,4.752478,0.005171917,0.0001057855,-0.006178577
23.68,1.779645,8.415988,4.765388,0.001637783,-0.0001155708,-0.00489217
23.70,1.764119,8.436101,4.773157,0.0003305623,-0.001156871,-0.002996376
23.72,1.783053,8.41291,4.7934,0.004344018,0.001580959,-0.002274439
23.74,1.788168,8.405495,4.787021,0.004037681,-0.00278041,0.001106195
23.76,1.791333,8.396377,4.77468,0.004291806,0.000736989,-0.0009901074
23.78,1.786001,8.406805,4.776462,0.00221659,-0.00111907,-0.002714845
23.80,1.788012,8.398067,4.782662,0.0009481924,-0.0008043055,-0.002080509
23.82,1.77949,8.398848,4.772132,0.002899076,-0.001974479,-0.002197173
23.84,1.779725,8.410297,4.7699,-0.0001822113,-0.00225687,-0.001669379
23.86,1.778682,8.411653,4.753693,-0.001080425,0.001131488,0.0006636851
23.88,1.783096,8.411414,4.777799,-0.00603449,0.0008481964,0.001172205
23.90,1.798462,8.401615,4.768038,-0.002638771,0.002187456,-0.002043588
23.92,1.778164,8.413177,4.770393,-0.005120995,0.005620901,0.001169823
23.94,1.771824,8.41136,4.767342,-0.004395734,0.004181392,0.002651753
23.96,1.777199,8.409481,4.780375,-0.007665239,0.003471279,0.002544703
23.98,1.788194,8.401647,4.765545,-0.01132108,0.003977337,0.003965159
24.00,1.799931,8.391184,4.7712,-0.01347324,0.00583568,0.00335294
24.02,1.794852,8.393584,4.804366,-0.00802766,0.005059193,-0.0005357297
24.04,1.783579,8.402163,4.822181,-0.009967921,0.00181089,-0.001895279
24.06,1.779693,8.406378,4.809608,-0.01073894,-0.0040267,-0.0008190793
24.08,1.791354,8.391479,4.772233,-0.01127532,0.0006714944,-8.045993e-05
24.10,1.783233,8.403264,4.768036,-0.01234167,0.005096005,-0.00165241
24.12,1.779839,8.401674,4.751745,-0.01276487,0.008296068,0.001057598
24.14,1.772984,8.404413,4.769573,-0.01750837,0.00660201,0.001832555
24.16,1.791304,8.396716,4.781865,-0.02137184,0.004899881,0.001020802
24.18,1.786836,8.38581,4.81843,-0.02024824,0.004742698,0.002290485
24.20,1.78751,8.384678,4.825021,-0.01834776,0.005701928,0.000345525
24.22,1.780134,8.401979,4.853045,-0.01268814,0.004179636,0.002145603
24.24,1.775144,8.399697,4.842905,-0.01268525,0.002999804,0.001094035
24.26,1.785283,8.374545,4.851961,-0.0131898,-0.004188542,0.00206941
24.28,1.80199,8.359661,4.796302,-0.01482158,-0.004413922,-0.001713199
24.30,1.81844,8.350934,4.787986,-0.01594188,0.005225957,-0.006477606
24.32,1.800118,8.356981,4.820332,-0.01230053,0.006128567,-0.008732705
24.34,1.766243,8.396813,4.855091,-0.0121755,0.0007213241,-0.005751436
24.36,1.763079,8.390324,4.86386,-0.01516813,-5.293551e-05,-0.003430673
24.38,1.78329,8.386351,4.824985,-0.00741216,0.006242033,-0.002683959
24.40,1.77521,8.379677,4.846779,-0.002449562,0.01046812,-0.002216998
24.42,1.769057,8.393078,4.882583,0.006634492,0.009743032,0.0005199117
24.44,1.753555,8.382992,4.895988,0.01181828,0.006635653,0.001686767
24.46,1.777807,8.379663,4.879426,0.02119349,0.01119085,0.0033655
24.48,1.779053,8.373797,4.8903,0.03241345,0.01066674,0.0009102099
24.50,1.752574,8.400582,4.895374,0.04137867,0.01253488,0.005016324
24.52,1.761955,8.405899,4.875353,0.04250446,0.004901344,0.007664272
24.54,1.79252,8.382083,4.811775,0.04007005,0.0001459502,0.005917285
24.56,1.816473,8.357698,4.775886,0.03415263,0.0009304023,-0.001949514
24.58,1.81601,8.368761,4.785171,0.03710868,0.003349379,-0.006413898
24.60,1.785406,8.383324,4.848364,0.03709434,-0.0004955267,-0.009833247
24.62,1.765957,8.402791,4.846876,0.03748234,-0.0114954,-0.008245071
24.64,1.754088,8.428923,4.800772,0.03518167,-0.01828931,-0.005771779
24.66,1.76681,8.425547,4.710921,0.0338308,-0.01196224,-0.003910427
24.68,1.778043,8.430437,4.694142,0.03213856,-0.002836755,-0.003437978
24.70,1.776638,8.409459,4.700191,0.02639423,0.003843349,-0.002070037
24.72,1.77236,8.423712,4.714039,0.01838716,-0.001067269,-0.0002201306
24.74,1.783712,8.416713,4.713672,0.01201271,-0.002163054,-0.003158767
24.76,1.78908,8.419682,4.704716,0.007050427,0.003093679,-0.005979727
24.78,1.777754,8.429469,4.725433,0.006320329,0.002669913,-0.006968849
24.80,1.766758,8.417842,4.780764,0.008094005,-0.0004167194,-0.007413077
24.82,1.761638,8.429892,4.78811,0.006580875,-0.004815801,-0.006560514
24.84,1.755386,8.433446,4.751647,0.007794403,-0.005264453,-0.004700291
24.86,1.760243,8.439948,4.707654,0.004964982,-0.002072515,-0.00371491
24.88,1.738829,8.451214,4.684246,0.0005717892,0.005026555,-0.001130914
24.90,1.756384,8.443161,4.700629,-0.003654717,0.005606401,0.001668203
24.92,1.795253,8.413677,4.727558,-0.00773682,0.00496017,-0.001342479
24.94,1.790387,8.413646,4.722869,-0.01015396,0.006689463,-0.003182716
24.96,1.764954,8.436386,4.757137,-0.00882805,0.006420843,-0.004014257
24.98,1.757062,8.445092,4.759231,-0.01129574,0.003051537,-0.000980322
25.00,1.768753,8.428088,4.740783,-0.01400313,0.002121919,-0.00153896
25.02,1.773624,8.41146,4.726725,-0.01258356,0.0066331,-0.001214666
25.04,1.770367,8.422583,4.755364,-0.01242128,0.01038454,-0.001455889
25.06,1.750991,8.429797,4.778507,-0.006656168,0.008268774,-0.0008066754
25.08,1.761586,8.414701,4.82587,-0.002066143,0.006131703,-0.0005275906
25.10,1.76275,8.415191,4.847337,0.003052746,-7.601341e-05,-0.001787495
25.12,1.765659,8.415906,4.805802,0.0114343,-0.003241022,-0.003106042
25.14,1.745212,8.437964,4.750476,0.01743266,0.00610827,-0.0003517799
25.16,1.732638,8.448281,4.762369,0.02140115,0.006972207,0.003091955
25.18,1.760545,8.429552,4.791517,0.02234547,0.002199956,0.00247659
25.20,1.777469,8.411915,4.751142,0.01612955,-0.000982388,0.001588375
25.22,1.763793,8.419925,4.691245,0.008859076,0.001306785,-0.0006321989
25.24,1.749624,8.438582,4.677051,0.006549039,0.009650552,0.001447941
25.26,1.742236,8.451456,4.730621,0.008410741,0.01390966,0.003320006
25.28,1.745466,8.443384,4.779395,0.01129254,0.01265535,0.006143924
25.30,1.7718,8.419195,4.810987,0.01316948,0.006941108,0.003984908
25.32,1.776492,8.423191,4.777426,0.01484066,0.0028482,0.001634471
25.34,1.75842,8.433696,4.743865,0.01817485,0.004685627,0.002208595
25.36,1.751432,8.445733,4.752483,0.02540177,0.007698146,0.003491022
25.38,1.755471,8.437843,4.782363,0.03111734,0.005456838,0.004099845
25.40,1.761312,8.428551,4.760331,0.03315013,0.002762894,0.001594038
25.42,1.769365,8.437464,4.701567,0.03174333,0.004923491,0.0009603819
25.44,1.767789,8.441903,4.672127,0.02621201,0.006088728,0.001737905
25.46,1.75212,8.458869,4.674006,0.02545381,0.008432948,0.001788786
25.48,1.747677,8.462807,4.735532,0.02917309,0.01199002,0.001748008
25.50,1.757133,8.449855,4.773456,0.03414263,0.006139683,0.00187768
25.52,1.774575,8.442425,4.749977,0.03468376,-0.004146269,-0.0009229953
25.54,1.789801,8.431844,4.697557,0.02899856,-0.011956,-0.007481437
25.56,1.777713,8.452811,4.633482,0.01982245,-0.01364684,-0.01066616
25.58,1.752621,8.473166,4.588894,0.006598622,-0.01152857,-0.009542634
25.60,1.739327,8.490637,4.57129,0.0005961152,-0.005489361,-0.006669697
25.62,1.724335,8.506277,4.586456,-0.008483409,0.001835226,-0.001515978
25.64,1.735042,8.491854,4.609646,-0.01478066,0.004625485,0.001831382
25.66,1.742223,8.478675,4.659575,-0.01920695,0.007136927,0.002985335
25.68,1.757273,8.464859,4.690143,-0.02230322,0.004402725,0.003514517
25.70,1.761063,8.45223,4.675255,-0.02430167,0.003623287,0.002765216
25.72,1.754993,8.461503,4.678947,-0.02886568,0.00583311,0.0009058036
25.74,1.754305,8.465831,4.690614,-0.03044113,0.003710472,0.001731077
25.76,1.753508,8.452491,4.69686,-0.03028801,0.008858161,0.002817279
25.78,1.754361,8.450029,4.739233,-0.02654996,0.007783637,0.004238972
25.80,1.761294,8.43619,4.742516,-0.02522656,0.005191321,0.002570706
25.82,1.752339,8.450328,4.762921,-0.02279479,0.001430439,0.003702803
25.84,1.757476,8.437271,4.747167,-0.02244928,0.0009046303,0.003230786
25.86,1.744599,8.453058,4.723488,-0.02374993,9.820052e-05,0.003236608
25.88,1.731163,8.457479,4.676914,-0.02823952,0.007396853,0.00685313
25.90,1.742007,8.448935,4.684682,-0.02903982,0.01162607,0.009426842
25.92,1.749473,8.436923,4.736595,-0.03029076,0.01525445,0.01078845
25.94,1.755754,8.438263,4.77321,-0.02823598,0.01238093,0.01066803
25.96,1.75573,8.42288,4.803483,-0.02171533,0.01075784,0.01057482
25.98,1.784467,8.392033,4.812501,-0.02137232,0.002100435,0.005977755
26.00,1.816792,8.373993,4.806292,-0.01860721,-0.006581007,-9.342999e-06
26.02,1.815716,8.3715,4.798271,-0.01723707,-0.01133731,-0.008878514
26.04,1.779426,8.39528,4.780729,-0.02344773,-0.01710231,-0.01238553
26.06,1.743545,8.43478,4.778775,-0.02283067,-0.01738693,-0.009495329
26.08,1.709455,8.447872,4.683425,-0.02153957,-0.004866476,-0.001332881
26.10,1.730298,8.453757,4.731428,-0.02181293,0.00236189,0.001662152
26.12,1.721533,8.43195,4.733592,-0.02091852,0.009403286,0.003786506
26.14,1.7428,8.43012,4.772573,-0.0165633,0.01384141,0.009460473
26.16,1.755227,8.403679,4.830808,-0.0170232,0.01243362,0.007820967
26.18,1.76576,8.401612,4.807657,-0.01118443,0.008863941,0.007279797
26.20,1.764832,8.405875,4.776556,-0.01425696,0.009520073,0.007132931
26.22,1.753088,8.400411,4.808189,-0.0118931,0.009261119,0.007736589
26.24,1.765461,8.397895,4.859174,-0.007998822,0.006677269,0.004634947
26.26,1.778325,8.37676,4.855319,-0.008994527,0.001047139,0.001856737
26.28,1.783267,8.383369,4.809029,-0.01044481,-0.002664517,-0.0001328812
26.30,1.773655,8.387847,4.757514,-0.01113266,2.133678e-05,-0.002526424
26.32,1.762271,8.391996,4.760682,-0.01403836,0.005879274,-0.001817249
26.34,1.75539,8.397591,4.806411,-0.01405516,0.005216605,-0.0005690873
26.36,1.771554,8.387712,4.866459,-0.01256193,0.001323915,-0.0003331897
26.38,1.769911,8.391763,4.851064,-0.009275518,-0.003648837,-0.00259044
26.40,1.756562,8.397662,4.803788,-0.00884747,-0.0008012146,-0.005065014
26.42,1.736495,8.421926,4.782369,-0.01046901,0.002356286,0.001901014
26.44,1.736835,8.415614,4.762965,-0.009688254,0.006524349,0.004851022
26.46,1.747787,8.393189,4.804082,-0.01224766,0.01099715,0.006030607
26.48,1.771757,8.375628,4.847635,-0.005853285,0.01347245,0.004355423
26.50,1.769853,8.373555,4.869878,-0.004343479,0.00622914,0.002315603
26.52,1.780183,8.377477,4.868954,-0.007870628,-0.002971226,-0.0001124374
26.54,1.773194,8.380483,4.823503,-0.008224157,-0.005267287,-0.003633701
26.56,1.786817,8.378997,4.441688,0.01392189,0.06839435,-0.002846879
26.58,1.780763,8.358415,4.720169,0.00233123,0.07266147,-0.006651558
26.60,1.63043,8.49349,5.167754,-0.01747747,0.004392516,0.007187829
26.62,1.68433,8.430251,5.172074,-0.01133622,-0.03724528,0.01459128
26.64,1.828484,8.295691,4.977065,0.006636816,-0.03771077,0.004567888
